replicate,iteration,iteration_raw,gcmc_simulations_dispatched,model_calls,input_tokens_non_cached,input_tokens_cached,output_tokens,cost_usd
1,1,1,39,2,2079,9216,1800,0.030451
1,2,2,37,2,9812,9856,2252,0.050424
1,3,3,39,2,10741,17920,2319,0.054399
1,4,4,36,2,32296,6400,2266,0.089362
1,5,5,38,2,39673,8448,2088,0.100138
1,6,6,37,2,12386,45696,2165,0.059982
1,7,7,37,2,12075,55680,2169,0.061241
1,8,8,36,2,12242,65280,2320,0.065328
1,9,9,38,2,81345,5760,2448,0.177634
1,10,10,39,2,88455,8448,2255,0.187845
2,1,1,38,2,2120,9216,1846,0.031167
2,2,2,38,2,9786,9856,2005,0.04692
2,,3,0,2,10930,17920,1791,0.047338
2,3,4,40,2,2747,27264,1594,0.031894
2,4,5,37,2,10185,28800,1992,0.050752
2,5,6,37,2,42175,5760,2158,0.105026
2,6,7,38,2,51531,5760,2100,0.120587
2,7,8,38,2,58314,8832,2340,0.136355
2,8,9,39,2,68276,8576,2105,0.150454
2,9,10,38,2,81169,5760,2373,0.176276
2,10,11,38,2,91146,5760,2153,0.190656
3,1,1,40,2,1961,9216,1580,0.027165
3,2,2,39,2,10441,9216,2072,0.048893
3,3,3,38,2,11487,17920,2362,0.056306
3,4,4,40,2,29411,9856,2129,0.083
3,5,5,35,2,43873,5760,2203,0.108628
3,6,6,38,2,50749,8448,2203,0.121131
3,7,7,38,2,69351,0,2000,0.149364
3,8,8,39,2,73973,5760,2285,0.162451
3,9,9,34,2,84058,5760,2055,0.176879
3,10,10,38,2,90005,8960,2145,0.189107
4,1,1,39,2,2083,9216,1774,0.030094
4,2,2,39,2,10078,9856,2344,0.052177
4,3,3,38,2,11439,18048,2438,0.057309
4,4,4,38,2,30821,8448,2471,0.090009
4,5,5,36,2,43184,5760,2341,0.109354
4,6,6,38,2,49389,8832,2366,0.1211
4,7,7,38,2,62211,5760,2505,0.144947
4,8,8,40,2,69260,8576,2567,0.158644
4,9,9,40,2,82220,5760,2497,0.179851
4,10,10,40,2,92590,5760,2379,0.196347
5,,1,0,2,2271,9216,1926,0.032551
5,1,2,37,2,3546,9216,1528,0.02921
5,2,3,35,2,9297,11648,2233,0.04957
5,3,4,38,2,20295,9856,2184,0.067817
5,4,5,39,2,33858,5760,2018,0.088511
5,5,6,38,2,11796,37376,2013,0.055366
5,6,7,40,2,50273,8448,1922,0.116364
5,7,8,38,2,59832,8832,2009,0.134378
5,8,9,38,2,69701,8576,2092,0.152766
5,9,10,37,2,79081,9216,2300,0.172205
5,10,11,38,2,89804,8448,2209,0.189561
