task,task_key,replicate,iteration,n_candidates,mean_metal_axis,mean_linker_conjugation_index
Band gap > 4 eV,BG_above4,1,1,1490,21.6057,0.3918
Band gap > 4 eV,BG_above4,1,2,11,4.8182,0.225
Band gap > 4 eV,BG_above4,1,3,3,3.0,0.2222
Band gap > 4 eV,BG_above4,1,4,1,3.0,0.0
Band gap > 4 eV,BG_above4,1,5,25,13.44,0.1981
Band gap > 4 eV,BG_above4,1,6,7,6.8571,0.0357
Band gap > 4 eV,BG_above4,1,7,4,5.0,0.1111
Band gap > 4 eV,BG_above4,1,8,6,5.6667,0.1984
Band gap > 4 eV,BG_above4,1,9,3,5.0,0.0
Band gap > 4 eV,BG_above4,1,10,5,8.2,0.0
Band gap > 4 eV,BG_above4,2,1,4569,21.9929,0.4187
Band gap > 4 eV,BG_above4,2,2,148,21.7095,0.2245
Band gap > 4 eV,BG_above4,2,3,1611,18.6294,0.2688
Band gap > 4 eV,BG_above4,2,4,502,11.5388,0.2172
Band gap > 4 eV,BG_above4,2,5,1271,20.5214,0.2651
Band gap > 4 eV,BG_above4,2,6,17,6.1471,0.0861
Band gap > 4 eV,BG_above4,2,7,45,4.5333,0.2191
Band gap > 4 eV,BG_above4,2,8,1,4.0,0.0
Band gap > 4 eV,BG_above4,2,9,525,7.2552,0.2226
Band gap > 4 eV,BG_above4,2,10,68,4.3284,0.1985
Band gap > 4 eV,BG_above4,3,1,121,21.1942,0.2243
Band gap > 4 eV,BG_above4,3,2,3,16.0,0.0741
Band gap > 4 eV,BG_above4,3,3,32,15.7969,0.033
Band gap > 4 eV,BG_above4,3,4,3,16.0,0.0
Band gap > 4 eV,BG_above4,3,5,30,15.7833,0.0282
Band gap > 4 eV,BG_above4,3,6,22,15.7045,0.0051
Band gap > 4 eV,BG_above4,3,7,2,16.0,0.0
Band gap > 4 eV,BG_above4,3,8,27,15.7593,0.0276
Band gap > 4 eV,BG_above4,3,9,22,15.7045,0.0051
Band gap > 4 eV,BG_above4,3,10,20,15.4,0.0056
Band gap > 4 eV,BG_above4,4,1,464,20.6433,0.306
Band gap > 4 eV,BG_above4,4,2,203,6.8374,0.0526
Band gap > 4 eV,BG_above4,4,3,86,11.6221,0.2399
Band gap > 4 eV,BG_above4,4,4,52,10.75,0.0332
Band gap > 4 eV,BG_above4,4,5,36,10.6111,0.0359
Band gap > 4 eV,BG_above4,4,6,129,7.3992,0.0281
Band gap > 4 eV,BG_above4,4,7,132,7.6364,0.0246
Band gap > 4 eV,BG_above4,4,8,183,6.4727,0.0347
Band gap > 4 eV,BG_above4,4,9,121,7.3182,0.0258
Band gap > 4 eV,BG_above4,4,10,162,8.5,0.0293
Band gap > 4 eV,BG_above4,5,1,4743,21.6907,0.4006
Band gap > 4 eV,BG_above4,5,2,117,10.1496,0.0608
Band gap > 4 eV,BG_above4,5,3,206,9.1254,0.1941
Band gap > 4 eV,BG_above4,5,4,122,9.9699,0.0436
Band gap > 4 eV,BG_above4,5,5,99,9.5993,0.026
Band gap > 4 eV,BG_above4,5,6,74,10.6869,0.0183
Band gap > 4 eV,BG_above4,5,7,58,11.5172,0.0203
Band gap > 4 eV,BG_above4,5,8,88,10.6193,0.1639
Band gap > 4 eV,BG_above4,5,9,25,15.44,0.0258
Band gap > 4 eV,BG_above4,5,10,14,15.9643,0.0119
Band gap < 0.1 eV,BG_below01,1,1,943,27.9866,0.5301
Band gap < 0.1 eV,BG_below01,1,2,658,29.1003,0.4667
Band gap < 0.1 eV,BG_below01,1,3,976,28.8216,0.5641
Band gap < 0.1 eV,BG_below01,1,4,114,27.7588,0.6099
Band gap < 0.1 eV,BG_below01,1,5,1,33.0,0.8182
Band gap < 0.1 eV,BG_below01,1,6,95,32.9474,0.618
Band gap < 0.1 eV,BG_below01,1,7,71,32.9296,0.5946
Band gap < 0.1 eV,BG_below01,1,8,23,33.0,0.6924
Band gap < 0.1 eV,BG_below01,1,9,29,33.0,0.6763
Band gap < 0.1 eV,BG_below01,1,10,95,32.9474,0.618
Band gap < 0.1 eV,BG_below01,2,1,379,27.9842,0.5088
Band gap < 0.1 eV,BG_below01,2,2,47,32.8298,0.1397
Band gap < 0.1 eV,BG_below01,2,3,425,25.2655,0.4827
Band gap < 0.1 eV,BG_below01,2,4,20,33.3,0.5561
Band gap < 0.1 eV,BG_below01,2,5,153,32.6797,0.5385
Band gap < 0.1 eV,BG_below01,2,6,11,32.6364,0.606
Band gap < 0.1 eV,BG_below01,2,7,10,33.3,0.425
Band gap < 0.1 eV,BG_below01,2,8,26,32.1923,0.5977
Band gap < 0.1 eV,BG_below01,2,9,6,28.0,0.6561
Band gap < 0.1 eV,BG_below01,2,10,5,28.0,0.6964
Band gap < 0.1 eV,BG_below01,3,1,512,28.2949,0.52
Band gap < 0.1 eV,BG_below01,3,2,43,31.8605,0.6775
Band gap < 0.1 eV,BG_below01,3,3,55,32.6636,0.4682
Band gap < 0.1 eV,BG_below01,3,4,39,31.6282,0.5026
Band gap < 0.1 eV,BG_below01,3,5,28,31.3929,0.5769
Band gap < 0.1 eV,BG_below01,3,6,100,32.4,0.5948
Band gap < 0.1 eV,BG_below01,3,7,40,31.775,0.5635
Band gap < 0.1 eV,BG_below01,3,8,89,32.3539,0.5455
Band gap < 0.1 eV,BG_below01,3,9,3,28.6667,0.5818
Band gap < 0.1 eV,BG_below01,3,10,16,29.4375,0.5495
Band gap < 0.1 eV,BG_below01,4,1,1704,28.6246,0.4719
Band gap < 0.1 eV,BG_below01,4,2,317,28.6136,0.5621
Band gap < 0.1 eV,BG_below01,4,3,29,31.9828,0.6785
Band gap < 0.1 eV,BG_below01,4,4,248,29.9657,0.4546
Band gap < 0.1 eV,BG_below01,4,5,380,29.9303,0.431
Band gap < 0.1 eV,BG_below01,4,6,9,30.0556,0.7685
Band gap < 0.1 eV,BG_below01,4,7,81,30.0802,0.5669
Band gap < 0.1 eV,BG_below01,4,8,11,30.0455,0.7396
Band gap < 0.1 eV,BG_below01,4,9,124,32.2218,0.5641
Band gap < 0.1 eV,BG_below01,4,10,195,30.7333,0.5992
Band gap < 0.1 eV,BG_below01,5,1,2853,28.5598,0.4657
Band gap < 0.1 eV,BG_below01,5,2,419,32.7673,0.43
Band gap < 0.1 eV,BG_below01,5,3,191,32.6859,0.3831
Band gap < 0.1 eV,BG_below01,5,4,18,33.0,0.3703
Band gap < 0.1 eV,BG_below01,5,5,9,33.0,0.3758
Band gap < 0.1 eV,BG_below01,5,6,106,33.0,0.4043
Band gap < 0.1 eV,BG_below01,5,7,105,33.0,0.4046
Band gap < 0.1 eV,BG_below01,5,8,67,33.0,0.3943
Band gap < 0.1 eV,BG_below01,5,9,77,32.8571,0.4024
Band gap < 0.1 eV,BG_below01,5,10,123,33.0,0.436
