mode,condition,structure,target,unit,surface_area_m2_cm3,cell_volume_A3,density_g_cm3,void_fraction,largest_cavity_diameter_A,pore_limiting_diameter_A,free_sphere_path_A
database,"Volumetric (77 K, 5 bar)",sol+N270+E81,37.01151354900073,g/L,2803.28,15890.9,0.725368,0.38884,8.83782,5.97033,8.74561
database,"Volumetric (77 K, 5 bar)",wif+N270+E154,36.20958885693085,g/L,2731.15,28025.7,0.896635,0.25618,9.07285,5.16347,9.07285
database,"Volumetric (77 K, 5 bar)",vmk+N447+E166,36.10533367411262,g/L,2857.25,14149.1,0.706701,0.29492,8.55849,4.52606,8.14138
database,"Volumetric (77 K, 5 bar)",vbo+N92+E184,35.91559148461474,g/L,2643.66,12454.7,1.06979,0.2597,8.61904,5.0888,7.78691
database,"Volumetric (77 K, 5 bar)",sxa+N92+E66,35.66601528881302,g/L,2777.8,4528.4,1.28609,0.28868,6.93866,6.03833,6.93866
database,"Volumetric (77 K, 5 bar)",pcu+N657+E84,35.081957597302726,g/L,2642.99,1895.44,0.857447,0.22626,6.47881,4.75695,6.47881
database,"Volumetric (77 K, 5 bar)",whp+N270+E138,35.05708777920208,g/L,2648.92,21089.5,0.964398,0.3034,8.7293,5.3835,8.54776
database,"Volumetric (77 K, 5 bar)",bcu+N226+E150,34.995758873754525,g/L,2941.38,5488.54,0.806205,0.31734,7.68012,5.61817,7.20423
database,"Volumetric (77 K, 5 bar)",wgw+N354+E70,34.487009770350014,g/L,2909.48,10457.4,1.17104,0.3055,7.88722,6.13838,7.88722
database,"Volumetric (77 K, 5 bar)",sda+N170+E120,34.45786707771972,g/L,3260.06,4968.21,0.819816,0.17036,5.64714,4.66136,5.64714
database,"Volumetric (77 K, 5 bar)",snw+N270+E216,34.40997038767703,g/L,2503.58,9309.25,1.08395,0.1913,7.60745,4.65772,6.10722
database,"Volumetric (77 K, 5 bar)",bcs+N170+E14,34.321701595681105,g/L,2852.76,22446.2,0.626365,0.35082,8.39276,6.81657,8.37822
database,"Volumetric (77 K, 5 bar)",hjm+N215+E34,34.27839320603488,g/L,3369.23,12646.4,0.740822,0.36074,8.16558,6.52087,7.61697
database,"Volumetric (77 K, 5 bar)",vbn+N270+E92,34.09674596592692,g/L,2484.78,9765.07,0.976102,0.31268,9.523,7.07243,9.17966
database,"Volumetric (77 K, 5 bar)",bsn+N213+E85,34.09231257922976,g/L,2609.76,6686.2,0.704992,0.28906,8.30303,5.46292,7.57001
database,"Volumetric (77 K, 5 bar)",wmc+N270+E186,34.01715520399914,g/L,2604.66,21911.6,1.12601,0.25328,7.68354,6.22447,7.39468
database,"Volumetric (77 K, 5 bar)",rob+N195+E84,33.8851979840259,g/L,2853.0,9277.98,0.873343,0.23424,7.14801,4.55153,7.08941
database,"Volumetric (77 K, 5 bar)",vby+N234+E84,33.587724802126004,g/L,2576.27,15159.6,0.748622,0.24218,9.37039,4.76421,9.37039
database,"Volumetric (77 K, 5 bar)",hex+N121+E66,33.32659645858982,g/L,2507.14,1303.12,1.17878,0.27546,7.48854,5.64655,7.45761
database,"Volumetric (77 K, 5 bar)",bcu+N426+E201,33.28427573442269,g/L,2879.93,3364.23,1.04024,0.25148,6.88561,4.96418,6.62108
database,"Volumetric (77 K, 5 bar)",bcu+N550+E160,33.1642330216298,g/L,2630.26,4098.75,1.0388,0.22586,6.97448,5.34563,6.45568
database,"Volumetric (77 K, 5 bar)",fcu+N619+E53,33.039066651662054,g/L,2652.53,14543.8,1.03922,0.23944,7.80593,4.93894,7.53629
database,"Volumetric (77 K, 5 bar)",osb+N566+E14,32.9845094954913,g/L,2662.22,19913.1,0.963929,0.27746,8.66175,5.21438,8.13473
database,"Volumetric (77 K, 5 bar)",cdl+N317+E14,32.9067609555882,g/L,3151.79,4113.32,0.720356,0.3875,7.54486,5.99048,7.40371
database,"Volumetric (77 K, 5 bar)",umc+N409+E25,32.85323592666357,g/L,3024.41,17074.5,0.864293,0.2727,8.25908,5.27152,8.25908
database,"Volumetric (77 K, 5 bar)",oof+N635+E147,32.749351023605485,g/L,2777.47,8625.54,0.872088,0.2692,8.04259,5.86241,7.94545
database,"Volumetric (77 K, 5 bar)",sol+N286+E85,32.74788406532109,g/L,2776.71,14083.8,1.05065,0.2315,8.08712,4.40989,8.08712
database,"Volumetric (77 K, 5 bar)",rob+N392+E92,32.67401023286945,g/L,2911.33,6292.24,0.809978,0.27522,7.21865,5.42374,6.7914
database,"Volumetric (77 K, 5 bar)",qtz-x+N382+E215,32.670708411595086,g/L,3100.76,4547.99,0.84635,0.26838,6.2523,4.82324,6.2523
database,"Volumetric (77 K, 5 bar)",lhb+N430+E150,32.54073452828333,g/L,2734.31,20408.0,0.740543,0.31852,9.22809,6.10496,7.49532
database,"Volumetric (77 K, 5 bar)",ecl+N192+E63,32.520320725298184,g/L,2593.96,13370.4,0.908255,0.19766,7.1111,5.24519,6.99377
database,"Volumetric (77 K, 5 bar)",bcg+N331+E24,32.48548225048715,g/L,2810.41,7854.55,0.841285,0.26806,7.98104,6.23909,7.93811
database,"Volumetric (77 K, 5 bar)",sxb+N59+E25,32.47661999553453,g/L,2435.26,5168.71,1.11461,0.21406,7.57763,5.82312,7.00329
database,"Volumetric (77 K, 5 bar)",rob+N486+E70,32.466619846009344,g/L,2850.72,5833.32,1.13275,0.27218,6.89133,5.22942,6.86533
database,"Volumetric (77 K, 5 bar)",ilc+N699+E30,32.430651318845136,g/L,2937.77,9332.56,0.701374,0.31082,7.95682,5.42078,7.95682
database,"Volumetric (77 K, 5 bar)",qtz-x+N59+E112,32.32347551106113,g/L,2936.5,5391.13,0.734874,0.39406,8.28345,5.82073,7.58058
database,"Volumetric (77 K, 5 bar)",qtz-x+N491+E154,32.3162048709271,g/L,2894.1,6438.49,0.694372,0.35078,7.84948,6.11219,7.64551
database,"Volumetric (77 K, 5 bar)",snk+N328+E25,32.29063206595701,g/L,2555.71,18329.1,0.656913,0.32844,9.41385,6.76877,8.12448
database,"Volumetric (77 K, 5 bar)",lcy+N162+E226,32.278677269479125,g/L,2342.6,7600.25,0.786478,0.24926,10.09368,5.87464,10.09368
database,"Volumetric (77 K, 5 bar)",hex+N550+E18,32.11913003710889,g/L,2498.89,1734.41,0.981839,0.27742,6.84199,5.59242,6.84199
database,"Volumetric (77 K, 5 bar)",rob+N234+E85,32.09080000630662,g/L,2717.09,6471.95,0.722642,0.25852,8.00655,5.33155,8.00655
database,"Volumetric (77 K, 5 bar)",sxc+N533+E130,32.065663100960926,g/L,2802.17,3663.19,0.782518,0.20176,6.03352,4.7646,6.03352
database,"Volumetric (77 K, 5 bar)",vbm+N556+E48,32.06483934556455,g/L,2636.06,22224.9,1.19591,0.26304,8.93359,6.06394,8.88537
database,"Volumetric (77 K, 5 bar)",lhb+N329+E72,31.9212656877645,g/L,2664.05,12877.8,1.05918,0.21438,7.06717,5.11701,6.35354
database,"Volumetric (77 K, 5 bar)",qtz-x+N16+E190,31.910742496927156,g/L,3016.74,9555.52,0.670811,0.3229,8.57522,5.54274,7.70733
database,"Volumetric (77 K, 5 bar)",tsi+N217+E81,31.866867310608455,g/L,2537.04,8848.02,0.7919,0.3292,9.0986,6.41582,8.1791
database,"Volumetric (77 K, 5 bar)",sxb+N529+E92,31.822356366203238,g/L,2860.71,5117.34,0.984435,0.2597,7.52848,5.26971,7.39464
database,"Volumetric (77 K, 5 bar)",vbo+N270+E84,31.802544288656176,g/L,2259.72,13774.5,0.981656,0.26822,10.31484,7.04846,8.92487
database,"Volumetric (77 K, 5 bar)",ske+N521+E149,31.770718555772632,g/L,2700.38,11853.6,0.876782,0.2649,8.34592,6.43534,7.8354
database,"Volumetric (77 K, 5 bar)",vcs+N542+E177,31.7458530033733,g/L,2546.77,10883.8,0.757149,0.25844,9.45806,5.08335,9.10175
database,"Volumetric (77 K, 5 bar)",osc+N270+E92,31.72670043185924,g/L,2488.99,11013.4,0.865467,0.36722,8.74255,7.10247,8.74255
database,"Volumetric (77 K, 5 bar)",sxb+N170+E138,31.725001175526515,g/L,2634.35,4637.93,0.826593,0.21654,7.09838,4.84858,6.74617
database,"Volumetric (77 K, 5 bar)",ilc+N67+E141,31.711900337468045,g/L,2852.48,6134.82,0.995567,0.2099,6.81847,4.70275,6.77872
database,"Volumetric (77 K, 5 bar)",ecn+N141+E177,31.54186870986147,g/L,2572.37,23331.4,0.851979,0.22212,8.01073,4.51483,7.95936
database,"Volumetric (77 K, 5 bar)",oof+N699+E215,31.511058003149397,g/L,2695.47,9343.1,0.803223,0.26104,8.00913,5.19207,7.87344
database,"Volumetric (77 K, 5 bar)",qtz-x+N595+E120,31.45285584863462,g/L,2920.66,5286.58,0.697659,0.34504,7.78001,6.1273,7.78001
database,"Volumetric (77 K, 5 bar)",umc+N409+E13,31.440420877165934,g/L,3192.95,12341.1,0.937023,0.28946,7.60757,6.30873,7.60757
database,"Volumetric (77 K, 5 bar)",bcu+N363+E23,31.42228018843833,g/L,2927.49,4180.3,0.739932,0.33852,7.40627,5.6516,7.35018
database,"Volumetric (77 K, 5 bar)",lcy+N85+E25,31.393860098996207,g/L,2434.07,7003.22,0.798093,0.2977,10.64901,5.4707,10.64901
database,"Volumetric (77 K, 5 bar)",ecn+N329+E13,31.375043177437227,g/L,2572.28,12146.4,1.14003,0.2331,7.66378,5.08236,5.81216
database,"Volumetric (77 K, 5 bar)",bcg+N543+E163,31.345915463738315,g/L,2562.49,10955.1,0.860156,0.24034,8.04003,4.88122,7.63877
database,"Volumetric (77 K, 5 bar)",pcu+N491+E29,31.327989474355327,g/L,2672.39,1393.15,0.983645,0.2489,7.04374,5.79103,6.88478
database,"Volumetric (77 K, 5 bar)",mok+N237+E29,31.31589952986021,g/L,3214.06,9552.17,0.789514,0.30886,7.3178,6.27215,7.29762
database,"Volumetric (77 K, 5 bar)",snk+N702+E25,31.30944018137228,g/L,2403.47,10937.2,0.831043,0.20192,7.52755,6.01462,7.52187
database,"Volumetric (77 K, 5 bar)",ukk+N623+E84,31.23619989147916,g/L,2321.19,17189.3,1.02685,0.14266,6.51221,5.02174,6.45257
database,"Volumetric (77 K, 5 bar)",ure+N215+E81,31.206349107902405,g/L,2665.36,17213.5,1.00816,0.27566,8.54258,6.23132,8.37046
database,"Volumetric (77 K, 5 bar)",pcu+N493+E179,31.18415610117937,g/L,2523.14,1600.68,1.17834,0.16818,6.04112,4.19456,6.04112
database,"Volumetric (77 K, 5 bar)",hjm+N385+E224,31.143387658460572,g/L,2781.57,12360.9,0.785944,0.27442,8.57429,6.09916,8.3101
database,"Volumetric (77 K, 5 bar)",qtz-x+N406+E181,31.10532292673434,g/L,3050.38,4837.91,0.674807,0.30688,7.85045,5.36502,7.85045
database,"Volumetric (77 K, 5 bar)",wmn+N234+E70,31.090587221648295,g/L,2725.36,14466.0,0.792032,0.26902,9.2067,8.03555,9.2067
database,"Volumetric (77 K, 5 bar)",ure+N346+E195,31.054893659753613,g/L,2964.7,15355.7,1.00544,0.26592,8.0425,4.7778,7.54067
database,"Volumetric (77 K, 5 bar)",ecu+N542+E228,31.006128944974137,g/L,2855.21,8745.23,0.923608,0.25922,7.12261,5.03416,7.12261
database,"Volumetric (77 K, 5 bar)",hcp+N712+E234,30.998586951174236,g/L,2572.28,8428.83,0.838093,0.32358,9.82656,6.2274,8.13647
database,"Volumetric (77 K, 5 bar)",qtz-x+N622+E181,30.94594949716328,g/L,3040.1,4718.84,0.788851,0.30564,7.53308,5.59586,7.53308
database,"Volumetric (77 K, 5 bar)",qtz-x+N334+E201,30.803861877006558,g/L,3122.83,3965.36,0.88559,0.24646,6.65445,4.69976,5.91099
database,"Volumetric (77 K, 5 bar)",hcp+N56+E34,30.799266015866948,g/L,2538.55,6991.56,0.917254,0.27428,9.40332,5.50406,8.6626
database,"Volumetric (77 K, 5 bar)",bcg+N149+E78,30.79509825710237,g/L,2668.06,9765.18,0.778975,0.2439,7.42027,4.88972,7.36141
database,"Volumetric (77 K, 5 bar)",ecn+N635+E63,30.765219135014558,g/L,2629.77,12188.1,1.13808,0.21718,7.43649,4.51285,7.0722
database,"Volumetric (77 K, 5 bar)",snx+N667+E92,30.73506971981537,g/L,2587.0,7375.8,1.1206,0.3097,9.17807,5.31942,9.03084
database,"Volumetric (77 K, 5 bar)",smu+N540+E25,30.723272039505492,g/L,2238.45,12463.1,0.714607,0.32308,10.84724,6.89404,10.80562
database,"Volumetric (77 K, 5 bar)",sxb+N334+E149,30.710795040127113,g/L,2672.88,4810.99,1.09228,0.1934,6.66183,5.35129,6.66183
database,"Volumetric (77 K, 5 bar)",qtz-x+N382+E134,30.673951982281288,g/L,2762.8,14757.0,0.910367,0.20326,6.42419,4.67841,6.35237
database,"Volumetric (77 K, 5 bar)",rob+N59+E96,30.64134315020016,g/L,3091.04,7804.58,0.763678,0.34764,8.41748,6.59896,7.79907
database,"Volumetric (77 K, 5 bar)",qtz-x+N574+E48,30.597768058117175,g/L,2272.38,4682.87,0.890113,0.14924,6.70911,4.34641,6.21615
database,"Volumetric (77 K, 5 bar)",bsn+N143+E204,30.59035417839691,g/L,2543.5,11178.4,1.21457,0.21644,6.99286,4.82043,6.54107
database,"Volumetric (77 K, 5 bar)",uoo+N164+E159,30.570709495055265,g/L,2726.6,7507.95,0.755408,0.32952,9.54205,5.60573,9.46843
database,"Volumetric (77 K, 5 bar)",smc+N354+E84,30.553766586073127,g/L,2177.34,15648.0,1.14718,0.22766,9.78575,5.04955,8.14287
database,"Volumetric (77 K, 5 bar)",wht+N234+E48,30.53924796244657,g/L,2564.58,11409.1,0.749876,0.23262,8.1141,3.94342,8.09718
database,"Volumetric (77 K, 5 bar)",bsn+N493+E138,30.484458945254953,g/L,2610.21,4575.33,1.27401,0.19242,7.31728,4.48868,7.25708
database,"Volumetric (77 K, 5 bar)",tsi+N380+E13,30.462144299385766,g/L,2611.53,5802.89,1.23843,0.30602,8.68674,5.09605,8.39645
database,"Volumetric (77 K, 5 bar)",msp+N257+E224,30.443092315031873,g/L,2881.42,12280.2,0.791108,0.26796,8.25902,5.42928,7.13431
database,"Volumetric (77 K, 5 bar)",wif+N343+E38,30.386408654574378,g/L,2989.34,14993.3,1.03661,0.22416,7.65293,5.55799,7.65293
database,"Volumetric (77 K, 5 bar)",oof+N262+E63,30.38534869731097,g/L,2726.29,7082.31,0.866433,0.20334,7.2012,5.23706,6.55881
database,"Volumetric (77 K, 5 bar)",snk+N568+E14,30.383645486343436,g/L,2684.53,10597.0,0.956677,0.27226,7.54298,6.15605,7.54298
database,"Volumetric (77 K, 5 bar)",msw+N232+E85,30.35881156709226,g/L,2640.67,2589.46,1.07392,0.16336,5.89214,4.21645,5.75375
database,"Volumetric (77 K, 5 bar)",ilc+N635+E30,30.341931914270216,g/L,2885.42,7170.92,0.847893,0.24164,7.41792,5.68546,7.41792
database,"Volumetric (77 K, 5 bar)",snk+N447+E131,30.276716108781013,g/L,2620.71,16820.2,0.755358,0.31054,8.75448,6.96675,8.44923
database,"Volumetric (77 K, 5 bar)",vmt+N357+E142,30.26404857976912,g/L,2492.43,16418.0,0.848218,0.21362,8.78843,4.81523,7.53364
database,"Volumetric (77 K, 5 bar)",snk+N290+E29,30.256628819205037,g/L,2589.17,11965.9,1.09429,0.2806,8.49319,6.86537,8.11324
database,"Volumetric (77 K, 5 bar)",vms+N542+E92,30.19095877492072,g/L,2415.66,13199.5,0.934169,0.18188,7.60569,4.46221,6.33467
database,"Volumetric (77 K, 100 bar)",vmh+N270+E44,54.878511323422856,g/L,2298.01,4542.72,0.820689,0.47476,10.42428,9.36753,10.42428
database,"Volumetric (77 K, 100 bar)",qtz-x+N457+E14,54.216466493441594,g/L,2245.1,12773.6,0.490577,0.56842,10.80911,8.21238,10.72895
database,"Volumetric (77 K, 100 bar)",mdf+N164+E218,54.18527090368519,g/L,2595.36,16689.3,0.518399,0.48802,12.22372,10.87154,12.20047
database,"Volumetric (77 K, 100 bar)",hjm+N109+E91,54.178029529544034,g/L,2736.46,18443.7,0.544049,0.45802,11.5645,7.2213,10.31753
database,"Volumetric (77 K, 100 bar)",mdf+N158+E11,54.07363210193629,g/L,2272.33,22907.0,0.361515,0.57304,13.99412,12.11284,13.95359
database,"Volumetric (77 K, 100 bar)",sol+N270+E81,54.00473531542786,g/L,2803.28,15890.9,0.725368,0.38884,8.83782,5.97033,8.74561
database,"Volumetric (77 K, 100 bar)",rob+N59+E34,53.91368164197376,g/L,2438.48,11420.0,0.549907,0.50792,9.07969,7.3498,8.82087
database,"Volumetric (77 K, 100 bar)",wkp+N270+E44,53.77871500212367,g/L,2575.36,12195.0,0.917139,0.41744,11.93503,11.70044,11.9336
database,"Volumetric (77 K, 100 bar)",wgu+N383+E5,53.723944237851335,g/L,2165.39,25486.0,0.444848,0.56482,10.97865,8.54123,10.97865
database,"Volumetric (77 K, 100 bar)",qtz-x+N694+E32,53.50113882123672,g/L,2764.28,11485.1,0.491903,0.46318,9.43893,7.00439,9.43893
database,"Volumetric (77 K, 100 bar)",unn+N164+E202,53.481957742411,g/L,2407.44,22110.6,0.615225,0.52416,13.47434,10.25906,13.27377
database,"Volumetric (77 K, 100 bar)",sml+N556+E14,53.41241547432854,g/L,2419.03,11183.8,0.810958,0.49222,12.92523,12.35021,12.92523
database,"Volumetric (77 K, 100 bar)",sow+N109+E150,53.39024677776389,g/L,2514.04,14377.2,0.549999,0.47312,10.08991,7.63969,9.95027
database,"Volumetric (77 K, 100 bar)",pcu+N47+E14,53.34116282623361,g/L,2234.31,2561.03,0.445689,0.52162,11.90099,9.86565,11.90099
database,"Volumetric (77 K, 100 bar)",sow+N385+E122,53.26377868332292,g/L,2340.7,20452.0,0.539906,0.53996,10.67206,7.84797,10.09156
database,"Volumetric (77 K, 100 bar)",qzd+N2+E11,53.24285077026858,g/L,2117.48,9319.26,0.336811,0.59928,12.65042,9.95894,12.65042
database,"Volumetric (77 K, 100 bar)",sxb+N146+E5,53.225480142910676,g/L,2295.98,6663.64,0.597714,0.51556,11.73607,9.40746,11.0802
database,"Volumetric (77 K, 100 bar)",rob+N234+E68,53.14829173566521,g/L,2204.64,12934.6,0.457274,0.54226,13.43942,10.00803,12.82462
database,"Volumetric (77 K, 100 bar)",sol+N447+E179,53.11097967170518,g/L,2236.97,33395.9,0.420066,0.5391,13.42261,7.88277,13.19663
database,"Volumetric (77 K, 100 bar)",mdf+N515+E163,53.08039143635227,g/L,2246.5,25028.6,0.388195,0.5903,11.82288,10.74114,11.63627
database,"Volumetric (77 K, 100 bar)",qtz-x+N680+E11,53.07117120899438,g/L,2464.82,8989.17,0.49834,0.49392,10.45314,7.51064,10.44733
database,"Volumetric (77 K, 100 bar)",mdf+N238+E5,52.87965799075578,g/L,2426.64,17881.4,0.47688,0.50292,12.81529,11.60182,12.7297
database,"Volumetric (77 K, 100 bar)",cdl+N259+E149,52.82370160549657,g/L,2332.94,8553.37,0.440455,0.53558,10.49866,8.36536,9.98234
database,"Volumetric (77 K, 100 bar)",hjm+N708+E12,52.772120427732666,g/L,2096.62,26128.8,0.292594,0.6395,12.35534,10.16238,12.12359
database,"Volumetric (77 K, 100 bar)",sxc+N591+E53,52.77126211217988,g/L,2076.59,10590.7,0.413948,0.59916,12.32441,10.303,12.32441
database,"Volumetric (77 K, 100 bar)",smc+N92+E66,52.75115206695815,g/L,2500.21,13322.9,0.983555,0.42916,10.47788,7.1927,10.18026
database,"Volumetric (77 K, 100 bar)",rob+N613+E150,52.742889336164886,g/L,2386.13,13932.0,0.419397,0.51276,11.33785,8.40936,11.01557
database,"Volumetric (77 K, 100 bar)",snx+N92+E72,52.65361008269831,g/L,2356.73,11483.8,0.778959,0.46088,11.18033,8.59798,10.45457
database,"Volumetric (77 K, 100 bar)",rob+N162+E163,52.61022459163023,g/L,2056.65,20358.7,0.379822,0.59498,12.17479,9.2453,12.17479
database,"Volumetric (77 K, 100 bar)",vme+N92+E201,52.599157278700815,g/L,2219.08,8652.05,0.689274,0.51622,11.85699,8.99225,11.81931
database,"Volumetric (77 K, 100 bar)",qtz-x+N222+E53,52.518054607870084,g/L,2130.07,10097.7,0.44352,0.5689,12.03733,9.73158,11.96129
database,"Volumetric (77 K, 100 bar)",snk+N556+E179,52.43629366545908,g/L,2040.83,29748.2,0.543276,0.59316,14.15226,9.78843,13.32784
database,"Volumetric (77 K, 100 bar)",sxb+N556+E234,52.42905054640849,g/L,2128.03,13819.7,0.58473,0.56792,12.70959,8.79934,12.70828
database,"Volumetric (77 K, 100 bar)",pcu+N106+E11,52.40463303935041,g/L,2368.78,2478.38,0.549635,0.49772,9.43981,8.18497,9.43981
database,"Volumetric (77 K, 100 bar)",wjw+N242+E3,52.37000729044347,g/L,2152.35,32409.7,0.463188,0.57326,12.20246,9.27675,11.64252
database,"Volumetric (77 K, 100 bar)",pcu+N595+E160,52.319736125921295,g/L,2311.0,2698.51,0.570339,0.4871,11.15745,8.53719,10.98201
database,"Volumetric (77 K, 100 bar)",sxc+N195+E14,52.30321283198001,g/L,2354.2,8214.19,0.557677,0.5219,10.64559,8.82432,10.15298
database,"Volumetric (77 K, 100 bar)",sxb+N598+E17,52.299206376014986,g/L,2109.12,14695.3,0.407392,0.55958,13.28796,9.88646,12.99668
database,"Volumetric (77 K, 100 bar)",snk+N341+E147,52.29473911105559,g/L,2413.81,19126.2,0.533742,0.4845,11.7757,8.76179,10.11827
database,"Volumetric (77 K, 100 bar)",sxb+N489+E24,52.24517592104934,g/L,2120.12,15130.1,0.362802,0.58278,12.46682,10.86386,12.31871
database,"Volumetric (77 K, 100 bar)",ure+N109+E107,52.24186693416614,g/L,2509.2,27540.3,0.576151,0.46514,11.2847,7.87237,11.2847
database,"Volumetric (77 K, 100 bar)",sxb+N234+E8,52.227611995502805,g/L,2194.31,10994.7,0.432542,0.55714,11.088,10.03228,11.05932
database,"Volumetric (77 K, 100 bar)",uki+N109+E204,52.19796628107432,g/L,2649.14,19992.4,0.798479,0.43254,10.52113,7.77252,9.89291
database,"Volumetric (77 K, 100 bar)",vbm+N59+E53,52.1730171612742,g/L,2072.85,51349.8,0.554545,0.58384,14.09704,9.92987,12.51238
database,"Volumetric (77 K, 100 bar)",cds+N93+E17,52.166477411617734,g/L,2514.87,5426.88,0.445732,0.47918,12.11047,9.47811,11.55512
database,"Volumetric (77 K, 100 bar)",qtz-x+N328+E181,52.14433998850718,g/L,2757.56,7641.36,0.551712,0.40532,9.65498,7.65219,9.57709
database,"Volumetric (77 K, 100 bar)",sxa+N197+E179,52.11624041673953,g/L,2571.25,11487.9,0.622234,0.46786,11.53711,8.15914,10.39517
database,"Volumetric (77 K, 100 bar)",vmk+N560+E40,52.08813214740787,g/L,2147.37,30705.4,0.419491,0.56928,12.88018,10.26846,12.88018
database,"Volumetric (77 K, 100 bar)",vmh+N92+E119,52.051275747657705,g/L,2520.26,15670.4,0.733101,0.47646,11.93422,9.17708,11.93422
database,"Volumetric (77 K, 100 bar)",sxb+N540+E11,52.01650807645221,g/L,2264.35,11717.2,0.506735,0.47216,10.70818,9.43798,10.51152
database,"Volumetric (77 K, 100 bar)",sxb+N590+E5,52.00588681274203,g/L,2068.75,16081.0,0.444826,0.58182,14.34111,11.30647,13.75276
database,"Volumetric (77 K, 100 bar)",bsn+N453+E3,52.00541733316676,g/L,2081.03,12755.6,0.523735,0.56054,13.15285,10.3717,12.93145
database,"Volumetric (77 K, 100 bar)",sxc+N480+E234,52.000403632729544,g/L,2232.88,9076.03,0.503046,0.5232,11.49622,10.08602,11.47072
database,"Volumetric (77 K, 100 bar)",qtz-x+N533+E114,51.96417727120549,g/L,2271.3,9613.97,0.419558,0.51932,11.27231,9.23466,11.07937
database,"Volumetric (77 K, 100 bar)",sqp+N242+E11,51.934296119925044,g/L,2139.65,9437.52,0.459799,0.57112,11.30081,9.36308,11.30081
database,"Volumetric (77 K, 100 bar)",mok+N237+E234,51.92238681623985,g/L,1985.94,23644.2,0.375213,0.63968,13.89844,11.93306,13.81545
database,"Volumetric (77 K, 100 bar)",sxb+N105+E104,51.899982682823236,g/L,2104.03,13207.9,0.493656,0.5914,12.45729,9.63531,11.67024
database,"Volumetric (77 K, 100 bar)",sxa+N268+E34,51.89847960524672,g/L,2428.73,6282.46,0.482869,0.51668,11.50628,7.03363,11.50628
database,"Volumetric (77 K, 100 bar)",sni+N92+E120,51.896736377763894,g/L,2396.33,17118.6,0.726997,0.4848,13.26857,11.54168,13.096
database,"Volumetric (77 K, 100 bar)",vmf+N287+E81,51.86312381861336,g/L,2388.62,19181.6,0.591924,0.48944,10.41925,7.81233,10.41925
database,"Volumetric (77 K, 100 bar)",pcu+N465+E17,51.842698079700185,g/L,2077.79,3520.74,0.455152,0.56772,12.07305,9.54561,11.79145
database,"Volumetric (77 K, 100 bar)",bsn+N569+E11,51.79116662286071,g/L,2103.36,12891.9,0.47364,0.54088,12.5818,10.25324,11.88818
database,"Volumetric (77 K, 100 bar)",lcy+N92+E132,51.734400941411614,g/L,2375.49,5561.3,0.982589,0.41682,8.83902,7.5627,8.83902
database,"Volumetric (77 K, 100 bar)",bsn+N384+E3,51.69381803572767,g/L,2026.39,13646.6,0.454335,0.58004,13.16362,10.47088,12.52938
database,"Volumetric (77 K, 100 bar)",est+N300+E234,51.6887392969394,g/L,2094.83,12493.1,0.467177,0.58476,12.64739,9.61782,12.64739
database,"Volumetric (77 K, 100 bar)",rob+N392+E125,51.65261722523422,g/L,2380.61,18262.1,0.423335,0.52936,11.30197,8.2003,11.15899
database,"Volumetric (77 K, 100 bar)",ure+N73+E163,51.61377978663335,g/L,2469.08,35383.5,0.613235,0.4895,11.48234,8.49517,11.29997
database,"Volumetric (77 K, 100 bar)",vme+N666+E147,51.54326852717052,g/L,2281.95,11120.1,0.53863,0.52254,11.54992,8.51306,11.54992
database,"Volumetric (77 K, 100 bar)",sxa+N59+E107,51.53093698238601,g/L,2313.61,10996.5,0.572875,0.51114,10.59292,9.73379,10.55516
database,"Volumetric (77 K, 100 bar)",mdf+N68+E163,51.444944796502185,g/L,2305.86,20797.2,0.453248,0.5399,12.16326,9.78338,12.00712
database,"Volumetric (77 K, 100 bar)",bsn+N336+E68,51.42838329444097,g/L,2025.97,14773.3,0.464817,0.57386,13.51783,10.72302,13.09092
database,"Volumetric (77 K, 100 bar)",sxa+N287+E122,51.41473121299188,g/L,2623.06,11757.4,0.713414,0.41578,9.35366,6.76954,9.35366
database,"Volumetric (77 K, 100 bar)",dmp+N435+E73,51.412129544034975,g/L,2106.44,10891.3,0.358294,0.59102,12.00128,8.61929,11.96068
database,"Volumetric (77 K, 100 bar)",rob+N143+E154,51.401369622985634,g/L,2487.17,12537.0,0.537026,0.4821,12.34609,9.86692,12.11771
database,"Volumetric (77 K, 100 bar)",sxb+N489+E163,51.360173300687066,g/L,2202.4,17191.4,0.451582,0.52942,12.68823,10.45063,12.11951
database,"Volumetric (77 K, 100 bar)",unf+N708+E138,51.30257312979388,g/L,2194.38,25974.7,0.392328,0.57298,14.16688,9.53821,14.09749
database,"Volumetric (77 K, 100 bar)",mdf+N697+E23,51.26106002548408,g/L,2712.39,12981.5,0.505667,0.5052,11.23339,9.70817,11.23339
database,"Volumetric (77 K, 100 bar)",qtz-x+N453+E33,51.25855944434728,g/L,2185.36,10396.7,0.421496,0.60382,10.73242,8.8095,10.19291
database,"Volumetric (77 K, 100 bar)",bsn+N666+E8,51.24626057613991,g/L,2241.51,10245.3,0.588382,0.53996,11.25888,9.23785,11.13427
database,"Volumetric (77 K, 100 bar)",mdf+N697+E24,51.23112267732667,g/L,2750.52,12831.0,0.5116,0.50132,10.80562,9.55971,10.78942
database,"Volumetric (77 K, 100 bar)",sxa+N167+E53,51.22514105584009,g/L,2564.18,19440.7,0.659288,0.45338,12.99884,9.35765,12.99884
database,"Volumetric (77 K, 100 bar)",sxb+N208+E14,51.20064088144909,g/L,1818.33,9995.83,0.41579,0.63696,15.46026,13.1683,14.5519
database,"Volumetric (77 K, 100 bar)",sxc+N577+E154,51.200422605871324,g/L,2245.96,9324.5,0.533289,0.52798,11.91939,8.97308,11.21265
database,"Volumetric (77 K, 100 bar)",smu+N533+E24,51.197611781636475,g/L,2094.82,14906.1,0.376524,0.58816,14.60869,10.02299,14.3653
database,"Volumetric (77 K, 100 bar)",sxc+N657+E123,51.17187521299188,g/L,2539.93,7113.24,0.538186,0.46752,9.9144,7.97068,9.69633
database,"Volumetric (77 K, 100 bar)",sxa+N341+E104,51.15771663110555,g/L,2556.08,9081.28,0.641223,0.43586,10.26687,7.70908,10.22525
database,"Volumetric (77 K, 100 bar)",snk+N36+E3,51.14716894141162,g/L,1918.18,30076.9,0.436119,0.61832,14.93683,10.92709,12.50857
database,"Volumetric (77 K, 100 bar)",sol+N287+E61,51.14659187108057,g/L,2241.3,28478.7,0.482722,0.54564,13.71679,8.14264,13.69807
database,"Volumetric (77 K, 100 bar)",pcu+N598+E195,51.1280670131168,g/L,2474.49,2087.01,0.511641,0.4588,10.36858,7.72332,10.36858
database,"Volumetric (77 K, 100 bar)",snx+N667+E68,51.09837767595252,g/L,1940.22,21012.1,0.55293,0.59942,17.14531,10.62041,13.16614
database,"Volumetric (77 K, 100 bar)",sxb+N465+E34,51.08921589406621,g/L,2184.15,11966.3,0.495659,0.53674,11.33573,9.61301,11.25325
database,"Volumetric (77 K, 100 bar)",bsn+N59+E147,51.05964617314178,g/L,2455.02,9028.24,0.642566,0.45958,10.63276,8.30882,10.52725
database,"Volumetric (77 K, 100 bar)",sxa+N341+E97,51.05233663060587,g/L,2229.03,14598.5,0.420721,0.54062,12.03672,9.54915,11.34721
database,"Volumetric (77 K, 100 bar)",pcu+N213+E181,51.00760203672704,g/L,2253.48,2341.03,0.46075,0.50212,10.56327,8.39026,10.56327
database,"Volumetric (77 K, 100 bar)",whj+N354+E202,51.002036809993754,g/L,2475.8,27091.1,0.901159,0.43258,14.32941,6.86379,14.32941
database,"Volumetric (77 K, 100 bar)",pcu+N205+E122,50.98722054116177,g/L,2148.62,3970.08,0.513822,0.54526,11.45321,10.37722,11.45321
database,"Volumetric (77 K, 100 bar)",sxa+N657+E163,50.97890499537789,g/L,2614.25,11838.0,0.613169,0.42402,10.03328,7.2383,9.81279
database,"Volumetric (77 K, 100 bar)",sxb+N480+E91,50.96478611467832,g/L,2173.8,17135.3,0.418121,0.57364,12.88563,9.41468,12.88563
database,"Volumetric (77 K, 100 bar)",qtz-x+N106+E77,50.95818764971892,g/L,2416.74,16018.3,0.432616,0.51496,10.85771,8.52272,9.51821
database,"Volumetric (77 K, 100 bar)",vby+N77+E8,50.95080434428482,g/L,2310.96,19750.6,0.776089,0.5118,11.5174,7.95125,10.79554
database,"Gravimetric (77 K, 5 bar)",afw+N50+E34,31.188444697330905,mol/kg,572.83,127502.0,0.0820212,0.89326,38.23298,28.93876,38.23298
database,"Gravimetric (77 K, 5 bar)",uoj+N50+E28,30.55243141271675,mol/kg,458.028,175272.0,0.065171,0.91658,46.44123,32.36465,46.44123
database,"Gravimetric (77 K, 5 bar)",afw+N50+E151,29.529826665938064,mol/kg,861.775,69183.0,0.120898,0.83794,29.23066,22.10215,29.23066
database,"Gravimetric (77 K, 5 bar)",qtz+N50+E188,28.859892748366423,mol/kg,886.196,30859.7,0.125896,0.83492,23.05862,21.24399,22.57075
database,"Gravimetric (77 K, 5 bar)",qtz-x+N489+E47,28.057604617699056,mol/kg,1895.14,17572.9,0.341568,0.6169,13.14633,10.89805,12.6089
database,"Gravimetric (77 K, 5 bar)",wje+N50+E92,27.88962345689115,mol/kg,1560.84,44978.9,0.242582,0.69854,18.38002,15.28474,17.92176
database,"Gravimetric (77 K, 5 bar)",dft+N50+E165,27.84828165275041,mol/kg,1285.19,41646.4,0.211742,0.74028,24.29737,19.78101,24.29737
database,"Gravimetric (77 K, 5 bar)",sml+N574+E81,27.59020887606442,mol/kg,2161.73,19852.9,0.450079,0.5155,17.21659,16.36642,17.21659
database,"Gravimetric (77 K, 5 bar)",umw+N50+E104,27.34471468354609,mol/kg,644.047,95140.8,0.101073,0.88146,40.13271,38.20854,40.1188
database,"Gravimetric (77 K, 5 bar)",osc+N574+E11,27.19032896032401,mol/kg,1764.85,34763.0,0.342716,0.62294,18.96125,16.04715,18.96125
database,"Gravimetric (77 K, 5 bar)",dft+N50+E86,27.06131215981166,mol/kg,765.259,75967.0,0.10837,0.85636,36.24397,30.89639,36.16327
database,"Gravimetric (77 K, 5 bar)",cag+N50+E138,26.96797543557924,mol/kg,1213.59,85127.6,0.180884,0.77602,21.53565,16.69057,21.36823
database,"Gravimetric (77 K, 5 bar)",sxc+N489+E86,26.799113100234585,mol/kg,2531.33,8588.54,0.500329,0.43262,10.54479,8.50623,9.89915
database,"Gravimetric (77 K, 5 bar)",crb+N50+E165,26.78029357447643,mol/kg,1345.24,39020.6,0.225991,0.7201,21.19219,16.63578,21.19219
database,"Gravimetric (77 K, 5 bar)",sxb+N489+E24,26.62502963819589,mol/kg,2120.12,15130.1,0.362802,0.58278,12.46682,10.86386,12.31871
database,"Gravimetric (77 K, 5 bar)",sol+N489+E3,26.560929193776246,mol/kg,1962.65,37177.4,0.366112,0.6013,15.48813,10.09617,15.48813
database,"Gravimetric (77 K, 5 bar)",unj+N50+E19,26.34766048799804,mol/kg,1164.46,24997.8,0.178336,0.7768,22.5446,20.97107,22.5446
database,"Gravimetric (77 K, 5 bar)",lon+N50+E44,26.1967972183286,mol/kg,1055.72,19911.6,0.147915,0.80942,22.19538,17.79104,22.19415
database,"Gravimetric (77 K, 5 bar)",vmf+N489+E147,26.058394056905943,mol/kg,1947.31,32027.5,0.377691,0.57752,15.76842,12.31286,15.76842
database,"Gravimetric (77 K, 5 bar)",hjm+N50+E130,25.78288452239253,mol/kg,2316.31,15110.2,0.530728,0.389,10.45968,8.85984,10.45968
database,"Gravimetric (77 K, 5 bar)",whe+N533+E218,25.76922233429184,mol/kg,2015.46,61261.9,0.348509,0.60664,18.8333,14.21523,18.82917
database,"Gravimetric (77 K, 5 bar)",unh+N109+E47,25.71585931134936,mol/kg,759.565,53090.2,0.139513,0.85946,40.47475,39.21185,40.47475
database,"Gravimetric (77 K, 5 bar)",uoo+N50+E202,25.618784003355238,mol/kg,1463.41,23555.5,0.236703,0.71882,19.44098,12.15947,19.18618
database,"Gravimetric (77 K, 5 bar)",mdf+N50+E89,25.561581370954936,mol/kg,2454.32,20947.3,0.570761,0.37332,11.52576,8.74838,11.309
database,"Gravimetric (77 K, 5 bar)",uni+N50+E52,25.450924790832325,mol/kg,1473.22,26623.7,0.237851,0.7167,21.89511,16.43447,21.75365
database,"Gravimetric (77 K, 5 bar)",smu+N489+E61,25.343478409805574,mol/kg,1772.03,33845.7,0.319303,0.63872,18.92885,13.31945,18.88647
database,"Gravimetric (77 K, 5 bar)",smu+N533+E4,25.32943990960119,mol/kg,1841.99,24965.4,0.284746,0.66778,18.62971,12.6387,18.22781
database,"Gravimetric (77 K, 5 bar)",vmg+N574+E142,24.91635900088417,mol/kg,1989.73,27161.2,0.409239,0.55738,15.52953,11.61912,14.42269
database,"Gravimetric (77 K, 5 bar)",bsn+N533+E107,24.83224316583431,mol/kg,2072.75,12154.5,0.394836,0.57422,13.52718,10.98204,12.88518
database,"Gravimetric (77 K, 5 bar)",smu+N533+E24,24.698324198751106,mol/kg,2094.82,14906.1,0.376524,0.58816,14.60869,10.02299,14.3653
database,"Gravimetric (77 K, 5 bar)",unj+N109+E10,24.61108980303956,mol/kg,526.459,88657.9,0.077691,0.9121,39.95589,38.18529,39.62211
database,"Gravimetric (77 K, 5 bar)",sxb+N489+E163,24.59652438742145,mol/kg,2202.4,17191.4,0.451582,0.52942,12.68823,10.45063,12.11951
database,"Gravimetric (77 K, 5 bar)",irl+N50+E57,24.483164245190974,mol/kg,1094.08,44462.2,0.150427,0.80874,20.79309,18.72014,20.79309
database,"Gravimetric (77 K, 5 bar)",irl+N164+E98,24.46897748678374,mol/kg,946.193,59010.7,0.163762,0.83238,28.1073,25.03403,27.61613
database,"Gravimetric (77 K, 5 bar)",wkp+N489+E35,24.456765224723444,mol/kg,1778.74,61517.5,0.320216,0.64084,18.47356,17.17796,18.47356
database,"Gravimetric (77 K, 5 bar)",uoj+N164+E20,24.39938321590134,mol/kg,792.601,65547.3,0.131191,0.85896,30.34636,22.94291,30.34636
database,"Gravimetric (77 K, 5 bar)",dft+N109+E126,23.99415216820517,mol/kg,890.694,59027.4,0.146589,0.84472,31.2824,28.4554,30.91684
database,"Gravimetric (77 K, 5 bar)",umy+N164+E221,23.89986876851324,mol/kg,1320.49,61993.7,0.227397,0.75412,20.51285,17.13045,20.20245
database,"Gravimetric (77 K, 5 bar)",dia+N50+E57,23.862505324084463,mol/kg,1013.94,45724.7,0.146273,0.81482,22.2195,18.431,22.2195
database,"Gravimetric (77 K, 5 bar)",lcy-e+N702+E142,23.74911935833393,mol/kg,2229.07,27890.8,0.445892,0.51476,14.54232,9.89572,14.54232
database,"Gravimetric (77 K, 5 bar)",umw+N164+E59,23.676068727793886,mol/kg,651.453,108204.0,0.101096,0.8887,43.36147,41.00286,43.36147
database,"Gravimetric (77 K, 5 bar)",unh+N109+E150,23.650092338684416,mol/kg,1305.15,25365.5,0.233804,0.76398,28.52516,27.4099,28.52516
database,"Gravimetric (77 K, 5 bar)",reo+N636+E30,23.59141334791202,mol/kg,1945.86,15616.8,0.327191,0.6215,18.60066,10.3923,18.58909
database,"Gravimetric (77 K, 5 bar)",smm+N148+E189,23.430297930138995,mol/kg,2168.45,33250.0,0.429644,0.5589,16.40989,14.36809,16.26857
database,"Gravimetric (77 K, 5 bar)",gis+N164+E154,23.404319231158123,mol/kg,1235.96,70797.0,0.223383,0.7748,21.26377,16.41357,20.00149
database,"Gravimetric (77 K, 5 bar)",lcy+N533+E86,23.38082521420135,mol/kg,2264.27,8663.07,0.459642,0.49332,11.30543,9.17837,11.26474
database,"Gravimetric (77 K, 5 bar)",sra+N164+E49,23.12936638543728,mol/kg,1157.84,43095.8,0.218076,0.77358,22.03688,20.45658,21.25711
database,"Gravimetric (77 K, 5 bar)",vbo+N92+E47,22.988062663217327,mol/kg,1312.01,55622.8,0.311275,0.73446,22.84816,19.7683,22.64018
database,"Gravimetric (77 K, 5 bar)",qtz-e+N694+E147,22.94711374461948,mol/kg,2331.73,17213.6,0.489557,0.50666,13.2135,9.76128,12.79851
database,"Gravimetric (77 K, 5 bar)",ukg+N557+E20,22.888771514830644,mol/kg,920.357,58785.0,0.125829,0.83532,27.37637,17.74619,27.37637
database,"Gravimetric (77 K, 5 bar)",uog+N557+E150,22.88700727114773,mol/kg,1292.84,52611.6,0.191166,0.76488,21.46227,17.60841,20.39238
database,"Gravimetric (77 K, 5 bar)",dia+N164+E221,22.871174458925346,mol/kg,1815.18,29949.2,0.313803,0.65782,14.70946,10.7188,13.0801
database,"Gravimetric (77 K, 5 bar)",qtz-x+N406+E181,22.864652622497,mol/kg,3050.38,4837.91,0.674807,0.30688,7.85045,5.36502,7.85045
database,"Gravimetric (77 K, 5 bar)",sxa+N406+E215,22.832855088438045,mol/kg,2642.88,7725.64,0.558346,0.39548,8.81371,6.64066,8.50165
database,"Gravimetric (77 K, 5 bar)",wjg+N164+E1,22.772076621290925,mol/kg,1262.1,72623.2,0.205084,0.77556,18.63985,15.61965,17.65645
database,"Gravimetric (77 K, 5 bar)",uoo+N164+E80,22.768131704200933,mol/kg,1664.59,19479.5,0.319812,0.68632,16.34264,12.4996,15.84856
database,"Gravimetric (77 K, 5 bar)",uni+N109+E49,22.652810560801328,mol/kg,1268.07,30251.2,0.233003,0.7523,21.09388,18.83903,21.09388
database,"Gravimetric (77 K, 5 bar)",crb+N164+E187,22.565168613636285,mol/kg,1113.59,44310.3,0.19646,0.79916,23.18214,20.33527,23.18214
database,"Gravimetric (77 K, 5 bar)",sma+N657+E39,22.4985268090323,mol/kg,901.981,37781.0,0.138555,0.84042,38.52496,35.86907,38.52496
database,"Gravimetric (77 K, 5 bar)",mmt+N109+E97,22.368301072212745,mol/kg,949.137,56317.5,0.153643,0.83368,21.28777,18.964,20.85698
database,"Gravimetric (77 K, 5 bar)",nbo+N557+E126,22.252708881184688,mol/kg,1114.95,36635.5,0.152524,0.8011,25.97314,16.48624,25.97314
database,"Gravimetric (77 K, 5 bar)",wji+N164+E137,22.246573625696264,mol/kg,1734.74,34057.5,0.357704,0.63652,25.99657,25.11096,25.99657
database,"Gravimetric (77 K, 5 bar)",sxc+N406+E209,22.190191200881603,mol/kg,1929.99,12614.1,0.341857,0.61258,13.93155,12.44578,13.93155
database,"Gravimetric (77 K, 5 bar)",uoz+N109+E11,21.9023796262432,mol/kg,1402.63,52229.9,0.276303,0.74166,20.21186,19.74544,20.20683
database,"Gravimetric (77 K, 5 bar)",oof+N587+E142,21.87438724366177,mol/kg,2707.94,8957.92,0.658089,0.33166,8.6946,5.89205,8.45501
database,"Gravimetric (77 K, 5 bar)",bcu+N431+E33,21.799721403800216,mol/kg,2182.32,9466.03,0.335961,0.60654,12.61551,10.36219,12.48333
database,"Gravimetric (77 K, 5 bar)",atn+N109+E154,21.771122225305948,mol/kg,1041.38,79986.0,0.197388,0.80374,34.00438,28.35809,33.93787
database,"Gravimetric (77 K, 5 bar)",ecf+N431+E28,21.751476780771107,mol/kg,1471.84,54341.9,0.254848,0.71676,23.04609,15.95187,23.04609
database,"Gravimetric (77 K, 5 bar)",wji+N109+E3,21.57958352199303,mol/kg,1021.48,62678.8,0.198128,0.8126,33.93566,33.34141,33.93566
database,"Gravimetric (77 K, 5 bar)",snp+N283+E32,21.52093653203168,mol/kg,1491.05,22952.7,0.308469,0.68204,22.68559,18.30215,22.68559
database,"Gravimetric (77 K, 5 bar)",rac+N164+E179,21.32389118610829,mol/kg,1540.89,28874.4,0.297775,0.71856,15.44062,13.70911,15.06453
database,"Gravimetric (77 K, 5 bar)",umx+N164+E137,21.27488362991276,mol/kg,1673.63,21311.9,0.381087,0.6218,22.29135,20.30379,22.29135
database,"Gravimetric (77 K, 5 bar)",qtz+N109+E28,21.27319127202292,mol/kg,786.145,28186.8,0.133497,0.8635,21.85058,20.77003,21.85058
database,"Gravimetric (77 K, 5 bar)",pcb+N109+E112,21.26100758543732,mol/kg,1141.16,58448.0,0.225069,0.78804,24.99039,22.4079,24.99039
database,"Gravimetric (77 K, 5 bar)",sni+N102+E163,21.195882910506164,mol/kg,1518.07,48883.4,0.274707,0.70564,26.22624,23.75273,25.78035
database,"Gravimetric (77 K, 5 bar)",vbn+N102+E84,21.118365920882603,mol/kg,2149.94,20412.0,0.583635,0.4123,13.48423,7.49442,13.48423
database,"Gravimetric (77 K, 5 bar)",reo+N636+E225,21.013548124571752,mol/kg,1484.53,24376.9,0.2587,0.7073,24.158,12.69859,24.13913
database,"Gravimetric (77 K, 5 bar)",irl+N164+E68,20.895828290243173,mol/kg,1104.85,38082.2,0.232812,0.80106,24.23232,20.4511,24.23232
database,"Gravimetric (77 K, 5 bar)",reo-e+N102+E25,20.748975670772243,mol/kg,1854.0,33933.1,0.438427,0.54578,24.80441,10.5678,24.80441
database,"Gravimetric (77 K, 5 bar)",umo+N164+E36,20.70714586685388,mol/kg,665.447,94099.1,0.114168,0.88496,44.27466,43.25154,44.16931
database,"Gravimetric (77 K, 5 bar)",umw+N109+E137,20.681725260294023,mol/kg,1588.85,22757.7,0.356877,0.645,23.50895,21.89458,23.01899
database,"Gravimetric (77 K, 5 bar)",whv+N102+E4,20.668849195497494,mol/kg,1371.27,106877.0,0.203514,0.75886,25.23255,15.80525,25.1838
database,"Gravimetric (77 K, 5 bar)",hxg+N506+E21,20.61732631725097,mol/kg,1981.67,19823.5,0.361026,0.63138,16.21284,10.96225,16.21284
database,"Gravimetric (77 K, 5 bar)",sni+N92+E80,20.59928539348189,mol/kg,1561.44,41366.3,0.361647,0.69374,22.97811,20.99919,22.97811
database,"Gravimetric (77 K, 5 bar)",snp+N384+E39,20.548338616544417,mol/kg,832.13,48214.3,0.142672,0.84156,32.05387,29.51019,32.05387
database,"Gravimetric (77 K, 5 bar)",wgw+N92+E126,20.53418260414072,mol/kg,1704.09,41158.6,0.376097,0.6578,19.35579,15.33171,18.82396
database,"Gravimetric (77 K, 5 bar)",wfj+N329+E24,20.4735926225106,mol/kg,2374.54,49688.2,0.568285,0.51206,13.9412,9.43689,11.52733
database,"Gravimetric (77 K, 5 bar)",smu+N406+E68,20.45349846283049,mol/kg,1871.46,21892.8,0.410398,0.60692,16.34713,12.37631,16.34713
database,"Gravimetric (77 K, 5 bar)",bcg+N329+E11,20.426313614454365,mol/kg,2546.78,10464.2,0.74072,0.37538,10.37058,7.14381,8.56519
database,"Gravimetric (77 K, 5 bar)",vbo+N92+E2,20.425757732607373,mol/kg,1219.61,59809.4,0.256129,0.77526,23.80366,20.50464,23.79561
database,"Gravimetric (77 K, 5 bar)",umf+N557+E136,20.40406469153716,mol/kg,1029.36,42374.1,0.159473,0.81166,23.74564,21.27233,23.74564
database,"Gravimetric (77 K, 5 bar)",vmf+N92+E126,20.39254577446574,mol/kg,1556.33,43889.9,0.352692,0.68336,19.8584,17.13043,19.66847
database,"Gravimetric (77 K, 5 bar)",pcu+N668+E8,20.2932273548013,mol/kg,2944.56,2341.3,0.683264,0.39868,7.30556,6.18816,7.30556
database,"Gravimetric (77 K, 5 bar)",lcy+N521+E120,20.090448938922105,mol/kg,2573.97,8341.96,0.584718,0.44636,11.7972,7.63817,11.6717
database,"Gravimetric (77 K, 5 bar)",snx+N589+E234,20.057867444483296,mol/kg,1839.32,24001.0,0.411262,0.63286,16.99699,12.8477,14.61209
database,"Gravimetric (77 K, 5 bar)",wfa+N557+E68,20.02184003904516,mol/kg,1708.54,47294.0,0.324082,0.6685,18.9451,14.5003,17.57494
database,"Gravimetric (77 K, 5 bar)",smm+N334+E11,20.016976513655123,mol/kg,1975.58,25165.4,0.481068,0.56654,17.76903,15.22491,16.19301
database,"Gravimetric (77 K, 5 bar)",bcg+N329+E59,19.96926114538833,mol/kg,1758.72,33368.6,0.343869,0.64486,16.34103,12.61943,16.00468
database,"Gravimetric (77 K, 5 bar)",vbn+N102+E216,19.95876453470656,mol/kg,2369.36,16315.0,0.519896,0.44436,10.97401,7.66386,10.0854
database,"Gravimetric (77 K, 5 bar)",ukg+N164+E136,19.94088989685053,mol/kg,1190.03,35634.7,0.223376,0.78698,22.1502,14.74866,22.1502
database,"Gravimetric (77 K, 100 bar)",uoj+N50+E28,264.3553039495603,mol/kg,458.028,175272.0,0.065171,0.91658,46.44123,32.36465,46.44123
database,"Gravimetric (77 K, 100 bar)",twt+N298+E22,259.99584919572527,mol/kg,439.172,87033.3,0.0642068,0.92636,35.55984,31.39501,35.55984
database,"Gravimetric (77 K, 100 bar)",utk+N411+E21,249.7986719302172,mol/kg,495.032,103366.0,0.0691474,0.9161,40.57303,38.306,40.52186
database,"Gravimetric (77 K, 100 bar)",uoj+N219+E121,236.130619869082,mol/kg,513.842,152068.0,0.0737945,0.90732,42.01883,29.65685,41.59338
database,"Gravimetric (77 K, 100 bar)",twt+N641+E47,234.3893696751621,mol/kg,482.126,86673.1,0.0750683,0.91528,35.93453,30.20211,34.24341
database,"Gravimetric (77 K, 100 bar)",unj+N435+E36,231.58127729318505,mol/kg,563.725,79987.2,0.0771767,0.90302,38.63993,37.44827,38.63993
database,"Gravimetric (77 K, 100 bar)",eta+N485+E61,231.42919770167637,mol/kg,393.963,105119.0,0.0713041,0.92756,48.59856,45.88884,48.51544
database,"Gravimetric (77 K, 100 bar)",afw+N50+E34,221.48221064572468,mol/kg,572.83,127502.0,0.0820212,0.89326,38.23298,28.93876,38.23298
database,"Gravimetric (77 K, 100 bar)",utk+N519+E7,219.11164725377577,mol/kg,576.19,95328.9,0.0802468,0.90482,41.22464,39.033,41.11399
database,"Gravimetric (77 K, 100 bar)",uni+N93+E12,218.81650033341717,mol/kg,620.987,74606.0,0.0833593,0.89072,33.12354,31.33896,33.12354
database,"Gravimetric (77 K, 100 bar)",dia+N93+E22,214.12592822711076,mol/kg,589.747,100825.0,0.0832841,0.8988,31.81259,26.46225,31.77188
database,"Gravimetric (77 K, 100 bar)",qtz-a+N450+E36,212.52797689107388,mol/kg,532.095,115051.0,0.0797093,0.90578,40.37707,28.19004,40.07948
database,"Gravimetric (77 K, 100 bar)",npo+N307+E22,210.27716277680315,mol/kg,597.221,51671.4,0.0817179,0.9045,40.05564,37.93325,40.05564
database,"Gravimetric (77 K, 100 bar)",uov+N435+E12,209.7839819438234,mol/kg,638.49,94127.2,0.0874441,0.88832,33.16787,31.63122,32.93906
database,"Gravimetric (77 K, 100 bar)",dft+N76+E152,207.72741614833637,mol/kg,597.152,110306.0,0.086487,0.89244,40.47844,35.40213,40.31567
database,"Gravimetric (77 K, 100 bar)",mmt+N359+E10,207.3129890063575,mol/kg,686.673,114768.0,0.0898678,0.88094,31.15835,25.25671,30.87348
database,"Gravimetric (77 K, 100 bar)",unj+N113+E39,206.9484289731223,mol/kg,558.944,81361.9,0.085031,0.90414,39.21152,37.04047,38.7016
database,"Gravimetric (77 K, 100 bar)",umw+N515+E33,200.11181910274516,mol/kg,649.226,79835.3,0.0917149,0.8921,40.18333,38.91722,39.7883
database,"Gravimetric (77 K, 100 bar)",utp+N186+E98,199.30975063476777,mol/kg,643.883,74069.4,0.0920728,0.89298,27.30531,24.60764,27.30531
database,"Gravimetric (77 K, 100 bar)",ukg+N549+E121,198.78319040255823,mol/kg,606.473,133894.0,0.0904816,0.8898,37.3668,27.20621,37.00806
database,"Gravimetric (77 K, 100 bar)",npo+N68+E36,197.3490726992844,mol/kg,623.023,57920.0,0.091062,0.89246,38.03568,35.3771,38.03469
database,"Gravimetric (77 K, 100 bar)",utk+N713+E9,195.3078395067896,mol/kg,566.727,103424.0,0.0902165,0.9049,40.89626,38.43407,40.89626
database,"Gravimetric (77 K, 100 bar)",unj+N50+E5,192.01030382281732,mol/kg,654.995,80211.7,0.0988539,0.8797,35.90548,32.68963,35.8004
database,"Gravimetric (77 K, 100 bar)",acs-a+N697+E36,191.93777788464203,mol/kg,537.189,120635.0,0.0895585,0.90932,48.84598,45.48064,48.70554
database,"Gravimetric (77 K, 100 bar)",sra+N697+E106,184.49183733888188,mol/kg,634.52,97563.7,0.0978304,0.89006,36.98595,33.94953,36.98595
database,"Gravimetric (77 K, 100 bar)",npo+N68+E77,183.69177810428533,mol/kg,698.81,91669.2,0.0993281,0.87574,40.35438,36.9989,38.97299
database,"Gravimetric (77 K, 100 bar)",rac+N282+E121,183.12303952564636,mol/kg,737.854,97661.9,0.102878,0.87116,29.79057,27.68639,29.79057
database,"Gravimetric (77 K, 100 bar)",nbo+N17+E229,182.29417001654852,mol/kg,699.211,86668.5,0.0988452,0.88378,34.92547,23.95284,34.90318
database,"Gravimetric (77 K, 100 bar)",qtz+N719+E7,181.8627970372858,mol/kg,655.3,36707.9,0.100443,0.88634,26.26549,22.91772,25.79128
database,"Gravimetric (77 K, 100 bar)",upa+N93+E22,181.49510960240104,mol/kg,742.192,81259.5,0.103337,0.87502,30.22435,24.16181,29.90842
database,"Gravimetric (77 K, 100 bar)",wiy+N186+E194,179.67387754764488,mol/kg,689.598,122438.0,0.0996798,0.88814,29.22339,27.99812,29.159
database,"Gravimetric (77 K, 100 bar)",sod+N307+E4,179.1965405585398,mol/kg,815.596,88668.8,0.105168,0.86872,39.78857,20.72362,39.76795
database,"Gravimetric (77 K, 100 bar)",rac+N282+E12,177.52053984866123,mol/kg,803.74,71404.6,0.107926,0.86234,26.76142,25.29459,26.64542
database,"Gravimetric (77 K, 100 bar)",crb+N515+E22,177.4378390788499,mol/kg,674.664,71948.4,0.103228,0.88476,29.83293,26.4545,29.51054
database,"Gravimetric (77 K, 100 bar)",afw+N68+E36,176.6171059713893,mol/kg,722.886,75092.5,0.105356,0.87502,32.29311,23.57086,32.15451
database,"Gravimetric (77 K, 100 bar)",umw+N267+E36,175.40260100728335,mol/kg,735.601,74854.6,0.105402,0.87428,36.74852,35.50767,36.74852
database,"Gravimetric (77 K, 100 bar)",uom+N193+E196,174.70701392175687,mol/kg,747.196,71302.8,0.106251,0.86406,32.68579,26.82775,31.99252
database,"Gravimetric (77 K, 100 bar)",unm+N219+E152,174.6118432707168,mol/kg,774.527,99418.3,0.110743,0.86278,32.47536,23.19738,30.79414
database,"Gravimetric (77 K, 100 bar)",uni+N161+E21,172.0046710945481,mol/kg,740.039,59440.8,0.111223,0.86884,31.40892,30.29905,31.40892
database,"Gravimetric (77 K, 100 bar)",uog+N359+E33,171.28616308807125,mol/kg,836.029,55586.7,0.111881,0.85946,26.97306,24.05418,26.59616
database,"Gravimetric (77 K, 100 bar)",rac+N76+E2,170.4986169327078,mol/kg,787.946,77269.2,0.113818,0.86004,30.29036,29.73616,30.28532
database,"Gravimetric (77 K, 100 bar)",umw+N237+E225,168.90204538155749,mol/kg,660.132,90420.5,0.107529,0.88522,41.42119,40.48014,41.36597
database,"Gravimetric (77 K, 100 bar)",qtz+N52+E10,167.9004644937173,mol/kg,553.882,76424.7,0.105087,0.8956,32.8661,28.47476,32.86562
database,"Gravimetric (77 K, 100 bar)",umo+N515+E24,166.9027278615983,mol/kg,711.833,89545.3,0.111963,0.87234,45.72945,43.95232,45.64984
database,"Gravimetric (77 K, 100 bar)",uov+N34+E33,166.74408658542657,mol/kg,833.687,68215.8,0.114017,0.85638,33.67637,30.21926,33.22238
database,"Gravimetric (77 K, 100 bar)",uni+N492+E20,164.60142845601135,mol/kg,879.953,44951.0,0.120025,0.84302,27.66932,26.16556,27.32195
database,"Gravimetric (77 K, 100 bar)",uoo+N219+E36,161.87737478780178,mol/kg,859.502,54393.9,0.122453,0.85264,28.1618,20.34783,28.1618
database,"Gravimetric (77 K, 100 bar)",qtz+N437+E36,161.33227319995729,mol/kg,826.216,22719.6,0.119567,0.86164,26.41902,21.30586,26.41902
database,"Gravimetric (77 K, 100 bar)",unh+N342+E53,160.74082435849576,mol/kg,638.478,68935.5,0.115121,0.87974,47.66512,45.65498,47.63373
database,"Gravimetric (77 K, 100 bar)",rac+N515+E152,160.58295308421782,mol/kg,848.588,77243.8,0.122353,0.84692,31.22323,28.17309,29.97096
database,"Gravimetric (77 K, 100 bar)",snp+N489+E10,159.84542539822584,mol/kg,810.73,61993.6,0.120726,0.84918,32.38858,30.42618,32.38858
database,"Gravimetric (77 K, 100 bar)",uog+N188+E4,159.81266544128945,mol/kg,811.122,60625.8,0.119073,0.86196,27.07076,25.05429,27.07076
database,"Gravimetric (77 K, 100 bar)",ukg+N557+E20,159.32566180314072,mol/kg,920.357,58785.0,0.125829,0.83532,27.37637,17.74619,27.37637
database,"Gravimetric (77 K, 100 bar)",cds+N292+E2,158.8970675519239,mol/kg,915.671,16897.6,0.128062,0.83778,23.66891,17.22987,21.93505
database,"Gravimetric (77 K, 100 bar)",npo+N161+E157,158.8610619475178,mol/kg,802.232,92794.8,0.115778,0.85086,40.35913,38.21582,40.35913
database,"Gravimetric (77 K, 100 bar)",npo+N649+E21,157.29366524415758,mol/kg,648.725,56439.3,0.115423,0.88282,41.0048,39.75506,41.0048
database,"Gravimetric (77 K, 100 bar)",cds+N42+E225,157.1430611714796,mol/kg,824.085,22925.7,0.12497,0.85498,25.33552,17.85876,25.31426
database,"Gravimetric (77 K, 100 bar)",umw+N76+E32,157.00128720632145,mol/kg,843.893,80955.4,0.124403,0.85384,36.47465,33.35007,36.39262
database,"Gravimetric (77 K, 100 bar)",qtz+N515+E33,156.4566233047517,mol/kg,910.502,21306.0,0.128874,0.84492,20.50396,18.74716,20.50396
database,"Gravimetric (77 K, 100 bar)",utk+N485+E21,153.94967546663773,mol/kg,718.33,81580.0,0.121038,0.86934,37.81035,35.89498,37.81035
database,"Gravimetric (77 K, 100 bar)",can+N492+E148,152.62733488839686,mol/kg,969.013,72334.7,0.128236,0.82856,32.18844,30.57128,32.06955
database,"Gravimetric (77 K, 100 bar)",irl+N492+E7,151.20419473491492,mol/kg,800.226,30149.2,0.121895,0.8658,23.3451,21.97155,23.3451
database,"Gravimetric (77 K, 100 bar)",npo+N184+E90,150.75378270304645,mol/kg,728.945,75989.7,0.122134,0.86348,37.43084,34.84637,37.43084
database,"Gravimetric (77 K, 100 bar)",kag+N570+E229,147.45302165811862,mol/kg,771.012,72512.7,0.12607,0.85684,38.31576,31.65172,38.31576
database,"Gravimetric (77 K, 100 bar)",qtz+N307+E4,147.36845469598384,mol/kg,1102.41,16494.6,0.141336,0.81952,17.85594,15.85239,17.85594
database,"Gravimetric (77 K, 100 bar)",uog+N654+E17,146.33842137617472,mol/kg,894.466,52871.8,0.137997,0.8328,29.4666,22.51039,29.4666
database,"Gravimetric (77 K, 100 bar)",lon+N50+E44,145.4367766624291,mol/kg,1055.72,19911.6,0.147915,0.80942,22.19538,17.79104,22.19415
database,"Gravimetric (77 K, 100 bar)",sma+N657+E39,143.50144363271306,mol/kg,901.981,37781.0,0.138555,0.84042,38.52496,35.86907,38.52496
database,"Gravimetric (77 K, 100 bar)",rac+N450+E21,143.25695833867223,mol/kg,930.394,54858.3,0.138601,0.8429,28.82934,27.81382,28.82934
database,"Gravimetric (77 K, 100 bar)",bto+N641+E192,142.0059023270232,mol/kg,869.475,33434.9,0.135976,0.85002,21.67504,19.55246,21.67504
database,"Gravimetric (77 K, 100 bar)",utk+N377+E30,141.0331073445048,mol/kg,767.337,64516.1,0.130962,0.87388,34.71352,32.99447,34.71352
database,"Gravimetric (77 K, 100 bar)",utk+N411+E174,140.79607102849184,mol/kg,783.457,65150.7,0.135394,0.85908,34.784,33.33758,34.784
database,"Gravimetric (77 K, 100 bar)",upb+N492+E101,138.83210211995166,mol/kg,1172.58,74743.3,0.146961,0.79784,29.6964,15.10561,29.6964
database,"Gravimetric (77 K, 100 bar)",lon+N697+E225,138.31573734894502,mol/kg,850.854,33894.3,0.139992,0.85088,26.76545,21.12743,26.76545
database,"Gravimetric (77 K, 100 bar)",snp+N213+E59,137.6251501654159,mol/kg,866.887,54637.5,0.137383,0.8322,36.20712,33.16377,36.01288
database,"Gravimetric (77 K, 100 bar)",smt+N268+E229,137.40630883288935,mol/kg,943.842,87538.7,0.141577,0.83572,34.9274,32.48522,34.9274
database,"Gravimetric (77 K, 100 bar)",snp+N577+E39,136.97115030946404,mol/kg,777.642,55338.1,0.137113,0.8605,30.37201,28.15173,30.37201
database,"Gravimetric (77 K, 100 bar)",smt+N666+E229,136.96161193041564,mol/kg,899.705,91771.8,0.141602,0.84096,35.3944,33.23314,35.10478
database,"Gravimetric (77 K, 100 bar)",dia+N113+E225,136.8971141913593,mol/kg,847.707,66813.6,0.142035,0.849,25.53965,21.31014,24.82642
database,"Gravimetric (77 K, 100 bar)",acs-g+N60+E174,136.69946191303185,mol/kg,652.332,95316.6,0.133949,0.8832,36.16205,32.77672,36.11911
database,"Gravimetric (77 K, 100 bar)",nbo+N557+E126,136.25015016645628,mol/kg,1114.95,36635.5,0.152524,0.8011,25.97314,16.48624,25.97314
database,"Gravimetric (77 K, 100 bar)",crr+N127+E81,134.45622254236807,mol/kg,864.963,95496.0,0.147963,0.83936,31.35755,23.40197,30.9751
database,"Gravimetric (77 K, 100 bar)",lon+N307+E82,133.73644417348635,mol/kg,797.77,39404.7,0.140857,0.86546,29.17449,23.483,29.14871
database,"Gravimetric (77 K, 100 bar)",lvt+N342+E61,133.70540096277873,mol/kg,1008.3,66876.8,0.155006,0.81324,22.47246,16.47584,17.86111
database,"Gravimetric (77 K, 100 bar)",snp+N384+E39,133.2658170585581,mol/kg,832.13,48214.3,0.142672,0.84156,32.05387,29.51019,32.05387
database,"Gravimetric (77 K, 100 bar)",rob+N274+E229,133.03330742427798,mol/kg,1249.08,52930.1,0.165774,0.7805,20.22936,15.01567,17.74825
database,"Gravimetric (77 K, 100 bar)",unc+N562+E12,132.2835782148146,mol/kg,649.037,55845.3,0.134931,0.885,35.57732,34.29821,35.57732
database,"Gravimetric (77 K, 100 bar)",pcb+N492+E3,130.35359299998586,mol/kg,978.384,87661.6,0.156816,0.81968,27.60753,24.41439,27.56012
database,"Gravimetric (77 K, 100 bar)",uoj+N113+E12,130.21002391390488,mol/kg,890.83,48205.4,0.149414,0.84404,27.068,19.02697,26.75335
database,"Gravimetric (77 K, 100 bar)",uoo+N492+E196,130.09923624786123,mol/kg,1012.73,41361.4,0.153609,0.80332,25.68138,19.11543,25.68138
database,"Gravimetric (77 K, 100 bar)",bsn+N657+E229,130.0153967182715,mol/kg,1148.15,50758.6,0.161892,0.79662,21.18662,18.58251,21.18662
database,"Gravimetric (77 K, 100 bar)",mmt+N109+E198,129.94282742494383,mol/kg,911.346,89389.7,0.15456,0.8313,24.75039,21.06095,23.5086
database,"Gravimetric (77 K, 100 bar)",pbz+N117+E15,129.82152049148294,mol/kg,755.669,104922.0,0.144006,0.86858,36.18714,25.01812,36.18714
database,"Gravimetric (77 K, 100 bar)",dmp+N68+E33,129.61823040845383,mol/kg,1198.82,20945.1,0.167877,0.80108,19.95489,17.72226,19.0749
database,"Gravimetric (77 K, 100 bar)",uoj+N194+E11,129.2479166553137,mol/kg,990.43,49106.6,0.159092,0.82314,27.37927,18.77623,27.22644
database,"Gravimetric (77 K, 100 bar)",upa+N184+E47,128.1784267210929,mol/kg,947.782,63929.6,0.163562,0.82534,27.60687,19.57468,27.57996
database,"Gravimetric (77 K, 100 bar)",crb+N307+E17,128.1026377028051,mol/kg,1125.95,41174.7,0.167787,0.79844,22.40614,19.08975,21.6909
database,"Gravimetric (77 K, 100 bar)",nbo+N17+E2,127.93192979774156,mol/kg,902.13,45076.6,0.151971,0.8403,26.17969,20.43488,26.17969
database,"Gravimetric (77 K, 100 bar)",uog+N359+E90,127.6397843796874,mol/kg,923.322,64198.4,0.150984,0.81626,27.98112,25.79481,27.98112
database,"Gravimetric (77 K, 100 bar)",umx+N210+E30,127.44826327670827,mol/kg,884.644,74826.8,0.148693,0.84108,37.96499,34.8745,37.96499
discovery,"Volumetric (77 K, 5 bar)",lvt+N115+E84,35.748923,g/L,2596.47,8797.61,0.967727,0.2086,8.00898,5.19006,5.97347
discovery,"Volumetric (77 K, 5 bar)",bcu+N121+E142,34.940172,g/L,2886.3,3926.84,0.856855,0.2938,7.53691,5.35373,6.82061
discovery,"Volumetric (77 K, 5 bar)",cap+N559+E47,34.753199,g/L,2666.76,8637.28,0.682064,0.27412,7.74805,4.77854,7.25766
discovery,"Volumetric (77 K, 5 bar)",whz+N92+E48,34.447102,g/L,2662.45,23562.2,1.06319,0.27174,9.55197,4.68538,8.69681
discovery,"Volumetric (77 K, 5 bar)",ilc+N191+E107,34.372548,g/L,2977.14,7487.27,0.825243,0.26336,7.70932,5.21339,7.15756
discovery,"Volumetric (77 K, 5 bar)",ukl+N164+E234,34.309718,g/L,2796.52,21409.0,0.803227,0.30226,10.24678,5.30624,8.41005
discovery,"Volumetric (77 K, 5 bar)",hjm+N153+E234,34.203324,g/L,3024.28,10869.8,0.81052,0.2906,8.7503,4.88962,8.7278
discovery,"Volumetric (77 K, 5 bar)",icc+N191+E68,33.995374,g/L,2708.07,57855.1,0.95107,0.26806,9.06968,4.94319,8.6979
discovery,"Volumetric (77 K, 5 bar)",lsz+N121+E234,33.927265,g/L,2587.18,5356.39,0.806911,0.32646,8.86436,5.42849,8.43854
discovery,"Volumetric (77 K, 5 bar)",hcp+N452+E68,33.81951,g/L,2712.91,7821.06,0.912746,0.3122,8.60963,5.72994,8.60963
discovery,"Volumetric (77 K, 5 bar)",rob+N453+E166,33.729674,g/L,3099.08,4393.03,1.1166,0.21566,6.18096,4.69355,6.18096
discovery,"Volumetric (77 K, 5 bar)",vmz+N121+E181,33.641856,g/L,2813.72,8235.08,0.81717,0.31928,8.47231,5.10511,7.70716
discovery,"Volumetric (77 K, 5 bar)",ilc+N692+E234,33.53871,g/L,2766.97,9002.88,0.789063,0.288,7.46356,5.24621,7.46356
discovery,"Volumetric (77 K, 5 bar)",wif+N536+E234,33.445596,g/L,2880.13,34835.0,0.740293,0.33102,9.97109,5.7057,9.71293
discovery,"Volumetric (77 K, 5 bar)",wif+N536+E11,33.421838,g/L,2979.43,26407.5,0.819484,0.2652,7.80592,4.74545,6.98737
discovery,"Volumetric (77 K, 5 bar)",ilc+N171+E234,33.370236,g/L,2874.48,7575.31,1.03803,0.24674,7.54994,4.99684,7.54994
discovery,"Volumetric (77 K, 5 bar)",sxp+N354+E166,33.290845,g/L,2896.48,129927.0,1.10885,0.28298,10.25254,5.14917,9.35624
discovery,"Volumetric (77 K, 5 bar)",rob+N536+E11,33.166844,g/L,2799.46,6736.34,0.803127,0.29208,9.04453,5.93824,7.56209
discovery,"Volumetric (77 K, 5 bar)",ecn+N226+E63,33.165595,g/L,2515.48,14795.7,1.04233,0.30458,9.87403,5.4209,9.87403
discovery,"Volumetric (77 K, 5 bar)",sxc+N536+E81,32.972592,g/L,2796.08,5029.33,0.806787,0.29158,9.87037,5.6741,9.87037
discovery,"Volumetric (77 K, 5 bar)",wif+N536+E179,32.873214,g/L,2901.87,34783.8,0.741374,0.323,8.86794,5.1871,8.13904
discovery,"Volumetric (77 K, 5 bar)",wif+N536+E163,32.803783,g/L,2956.54,35267.7,0.812683,0.28502,8.19049,4.99052,7.52985
discovery,"Volumetric (77 K, 5 bar)",whr+N92+E138,32.639796,g/L,2624.9,25352.6,0.944005,0.37492,9.75011,6.78037,9.74566
discovery,"Volumetric (77 K, 5 bar)",bsn+N453+E149,32.550761,g/L,2742.68,5954.34,0.967783,0.31234,7.4682,5.46361,7.4682
discovery,"Volumetric (77 K, 5 bar)",lsz+N331+E234,32.500376,g/L,2554.53,5259.97,0.825313,0.29636,8.13513,5.8181,7.96868
discovery,"Volumetric (77 K, 5 bar)",snk+N667+E29,32.480886,g/L,2699.08,11342.4,1.15445,0.26442,8.06551,5.37716,7.22449
discovery,"Volumetric (77 K, 5 bar)",ecn+N141+E63,32.474426,g/L,2794.72,16271.9,0.938261,0.22116,8.09753,5.37931,7.8978
discovery,"Volumetric (77 K, 5 bar)",bcg+N331+E234,32.473671,g/L,2741.26,11633.8,0.746295,0.3335,8.27402,5.4707,8.27402
discovery,"Volumetric (77 K, 5 bar)",vmz+N191+E166,32.4102,g/L,2724.53,6618.9,0.93922,0.2871,7.61804,5.6717,7.61804
discovery,"Volumetric (77 K, 5 bar)",ilc+N369+E61,32.365462,g/L,2825.4,8349.02,0.820106,0.27024,7.37464,4.83825,6.9338
discovery,"Volumetric (77 K, 5 bar)",vmw+N121+E166,32.355577,g/L,2404.19,11673.5,1.02077,0.28614,9.04016,5.73381,9.04016
discovery,"Volumetric (77 K, 5 bar)",vmu+N38+E14,32.30003,g/L,2687.53,11501.6,0.984794,0.23654,6.88684,4.81933,6.88684
discovery,"Volumetric (77 K, 5 bar)",sme+N105+E25,32.295097,g/L,2649.66,27334.7,0.948424,0.26294,8.64901,5.0711,7.87195
discovery,"Volumetric (77 K, 5 bar)",bcs+N666+E160,32.253717,g/L,2795.66,29960.8,0.901001,0.30038,9.3108,5.44771,9.08653
discovery,"Volumetric (77 K, 5 bar)",lhb+N550+E14,32.207737,g/L,2721.41,13150.6,0.930733,0.28916,7.85233,4.90838,7.85233
discovery,"Volumetric (77 K, 5 bar)",hcp+N118+E189,32.106074,g/L,2719.57,7171.03,0.888546,0.2669,8.40846,4.81074,7.74157
discovery,"Volumetric (77 K, 5 bar)",rob+N287+E142,32.042293,g/L,2830.98,5552.22,0.950579,0.24468,7.10536,5.0315,6.63988
discovery,"Volumetric (77 K, 5 bar)",ecn+N389+E16,32.039251,g/L,2693.65,16847.3,0.955989,0.19838,7.18163,4.73788,6.94157
discovery,"Volumetric (77 K, 5 bar)",fcu+N565+E138,32.026204,g/L,2404.26,15384.2,0.917512,0.22178,8.7073,4.30551,7.5295
discovery,"Volumetric (77 K, 5 bar)",lsz+N140+E234,32.017603,g/L,2645.48,4702.8,0.89052,0.26562,7.17851,5.51462,7.14638
discovery,"Volumetric (77 K, 5 bar)",vmu+N67+E14,31.976355,g/L,2780.13,12007.8,1.09933,0.24702,7.74897,4.95778,7.68357
discovery,"Volumetric (77 K, 5 bar)",ilc+N544+E234,31.974823,g/L,2824.51,7519.05,0.846502,0.25172,7.67642,4.84625,7.62171
discovery,"Volumetric (77 K, 5 bar)",sxh+N92+E73,31.879795,g/L,2655.02,74818.2,1.01078,0.33982,11.9366,5.67554,11.9366
discovery,"Volumetric (77 K, 5 bar)",wiv+N453+E25,31.83868,g/L,2603.36,24540.5,0.958918,0.26476,8.96739,5.85684,7.28391
discovery,"Volumetric (77 K, 5 bar)",ilc+N389+E107,31.835479,g/L,2731.25,7405.25,0.862337,0.2234,7.5646,4.86268,7.5646
discovery,"Volumetric (77 K, 5 bar)",qtz-x+N666+E181,31.785702,g/L,3092.31,4801.91,0.866879,0.2774,7.8225,4.46127,7.16697
discovery,"Volumetric (77 K, 5 bar)",xii+N297+E35,31.632538,g/L,2486.52,40617.9,0.94707,0.27722,9.10316,5.28122,8.53752
discovery,"Volumetric (77 K, 5 bar)",fcu+N706+E63,31.628704,g/L,2464.93,11238.5,1.0194,0.2511,9.17604,4.94789,9.17604
discovery,"Volumetric (77 K, 5 bar)",cap+N645+E218,31.60548,g/L,2675.59,8868.06,0.838108,0.24286,8.57599,4.83632,8.33075
discovery,"Volumetric (77 K, 5 bar)",wfo+N226+E138,31.590781,g/L,2561.45,26426.1,1.09786,0.23788,8.92487,4.08986,8.86504
discovery,"Volumetric (77 K, 5 bar)",fcu+N118+E234,31.575261,g/L,2563.74,16266.4,0.842285,0.31456,10.38443,5.6258,9.05496
discovery,"Volumetric (77 K, 5 bar)",smm+N536+E85,31.487528,g/L,2529.91,14650.9,0.830856,0.30482,10.41002,8.83023,9.82774
discovery,"Volumetric (77 K, 5 bar)",ske+N467+E89,31.47168,g/L,2516.23,18619.3,0.939338,0.21438,8.46868,4.99495,8.46868
discovery,"Volumetric (77 K, 5 bar)",vcc+N309+E95,31.464811,g/L,2718.69,42903.8,1.05508,0.23278,9.2961,4.78329,7.24938
discovery,"Volumetric (77 K, 5 bar)",ilc+N375+E61,31.447474,g/L,2666.09,10058.2,0.722152,0.30452,8.73863,5.16201,7.82057
discovery,"Volumetric (77 K, 5 bar)",wib+N59+E85,31.445872,g/L,2671.77,22723.2,1.01413,0.23788,7.81176,4.76935,7.41821
discovery,"Volumetric (77 K, 5 bar)",pcu+N554+E95,31.417846,g/L,2940.75,1549.1,0.961214,0.25436,7.42743,4.23653,7.42743
discovery,"Volumetric (77 K, 5 bar)",lsz+N38+E3,31.353942,g/L,2638.4,5234.85,0.769521,0.3312,8.33823,6.61023,8.12317
discovery,"Volumetric (77 K, 5 bar)",lsz+N632+E234,31.351381,g/L,2557.8,4977.74,1.01045,0.29198,8.36141,5.35242,8.24321
discovery,"Volumetric (77 K, 5 bar)",sme+N666+E92,31.323614,g/L,2710.02,23477.4,0.949151,0.30432,8.98978,5.17885,8.57311
discovery,"Volumetric (77 K, 5 bar)",wfl+N166+E11,31.31145,g/L,2539.04,34879.4,0.778119,0.32218,9.84168,5.846,8.98942
discovery,"Volumetric (77 K, 5 bar)",hcp+N297+E181,31.29986,g/L,2696.46,6080.26,0.896986,0.29976,11.17409,5.2962,11.09101
discovery,"Volumetric (77 K, 5 bar)",wib+N77+E85,31.286188,g/L,2615.46,24527.1,1.23706,0.22666,8.21806,4.78288,8.21544
discovery,"Volumetric (77 K, 5 bar)",rob+N536+E163,31.249396,g/L,2730.31,8965.47,0.799219,0.30456,9.78565,5.79443,9.20291
discovery,"Volumetric (77 K, 5 bar)",thp-x+N565+E16,31.239933,g/L,2314.19,49250.5,0.884173,0.24166,9.53314,5.56037,9.16382
discovery,"Volumetric (77 K, 5 bar)",ske+N148+E95,31.214717,g/L,2694.79,13283.5,0.913917,0.22954,8.11191,5.57848,7.7612
discovery,"Volumetric (77 K, 5 bar)",ilc+N550+E32,31.20583,g/L,2618.2,9619.39,0.784069,0.28262,7.92481,5.3563,7.358
discovery,"Volumetric (77 K, 5 bar)",rob+N287+E201,31.202133,g/L,2800.96,5095.09,0.977157,0.2382,7.04253,5.06264,6.18748
discovery,"Volumetric (77 K, 5 bar)",qtz-x+N569+E204,31.190728,g/L,2699.38,4767.9,1.05089,0.21824,6.38006,5.03653,6.13871
discovery,"Volumetric (77 K, 5 bar)",thp-x+N118+E11,31.147104,g/L,2531.64,37535.1,0.929302,0.24718,9.4224,4.48323,9.4224
discovery,"Volumetric (77 K, 5 bar)",sxc+N384+E16,31.107362,g/L,2709.72,4390.39,0.841149,0.28062,7.57298,5.47645,7.09888
discovery,"Volumetric (77 K, 5 bar)",thp+N427+E14,31.091446,g/L,2699.79,19309.7,1.03976,0.26316,8.89123,5.05156,8.41302
discovery,"Volumetric (77 K, 5 bar)",lsz+N331+E107,31.011697,g/L,2806.43,5511.08,0.727421,0.3213,8.37521,5.59038,8.37521
discovery,"Volumetric (77 K, 5 bar)",osb+N550+E123,30.970052,g/L,2837.63,15567.8,0.888721,0.2729,8.07749,5.02799,8.07749
discovery,"Volumetric (77 K, 5 bar)",osd+N331+E149,30.963958,g/L,2519.96,13577.4,1.05147,0.19472,7.49829,5.19125,7.13236
discovery,"Volumetric (77 K, 5 bar)",tsi+N38+E85,30.958765,g/L,2481.6,7007.12,0.998036,0.19882,6.86838,4.76491,6.33965
discovery,"Volumetric (77 K, 5 bar)",hcp+N187+E142,30.956599,g/L,2545.31,5276.36,1.01602,0.2249,8.33152,4.5164,8.33152
discovery,"Volumetric (77 K, 5 bar)",rob+N536+E179,30.905473,g/L,3004.76,9006.7,0.715795,0.33884,8.8763,6.03535,8.4596
discovery,"Volumetric (77 K, 5 bar)",dmp+N115+E206,30.897534,g/L,3116.23,4342.83,1.0954,0.2313,7.55462,4.90968,6.6048
discovery,"Volumetric (77 K, 5 bar)",rob+N36+E73,30.887271,g/L,3023.31,5273.89,1.02413,0.23068,6.50947,5.27843,6.50947
discovery,"Volumetric (77 K, 5 bar)",hcp+N177+E61,30.86865,g/L,2631.71,8510.9,0.839388,0.2871,9.9016,4.83507,9.59306
discovery,"Volumetric (77 K, 5 bar)",sda+N354+E149,30.865929,g/L,2407.12,5104.56,1.34393,0.1892,6.34337,4.53755,5.73403
discovery,"Volumetric (77 K, 5 bar)",lsz+N427+E181,30.8528,g/L,2661.84,3649.38,1.02624,0.25148,7.33331,4.89524,7.33331
discovery,"Volumetric (77 K, 5 bar)",cap+N309+E234,30.822482,g/L,2540.49,6889.63,0.931287,0.24382,7.76501,5.40498,7.31571
discovery,"Volumetric (77 K, 5 bar)",fcu+N452+E61,30.792564,g/L,2727.99,17809.3,0.797059,0.31156,9.77525,4.95607,9.02896
discovery,"Volumetric (77 K, 5 bar)",reo+N629+E202,30.729868,g/L,2636.45,4858.12,0.95822,0.23784,7.7398,4.8591,7.32805
discovery,"Volumetric (77 K, 5 bar)",thp-x+N56+E234,30.695064,g/L,2449.62,42112.8,0.987503,0.24854,9.52674,5.04879,9.06012
discovery,"Volumetric (77 K, 5 bar)",sxb+N536+E147,30.653843,g/L,2710.34,7491.89,0.727494,0.34496,10.25674,6.23264,10.25674
discovery,"Volumetric (77 K, 5 bar)",wif+N9+E179,30.64536,g/L,2781.3,33356.5,0.811327,0.2783,8.17929,4.79213,7.41244
discovery,"Volumetric (77 K, 5 bar)",ilc+N326+E107,30.621423,g/L,2635.73,8474.47,0.825652,0.27424,8.19938,4.95409,7.84558
discovery,"Volumetric (77 K, 5 bar)",vms+N550+E85,30.600996,g/L,2411.22,15624.0,0.953644,0.27154,8.75876,5.30979,8.32798
discovery,"Volumetric (77 K, 5 bar)",tsi+N427+E16,30.571938,g/L,2561.54,6914.5,1.06794,0.22224,6.90185,4.79913,6.90185
discovery,"Volumetric (77 K, 5 bar)",wmz+N694+E202,30.535602,g/L,2564.21,43844.2,0.964872,0.23688,8.63834,4.43832,8.3931
discovery,"Volumetric (77 K, 5 bar)",wfp+N427+E29,30.533105,g/L,2398.76,27810.1,1.16145,0.20562,7.78494,4.90157,7.77886
discovery,"Volumetric (77 K, 5 bar)",hxg+N354+E61,30.43772,g/L,2640.79,9376.74,0.872092,0.31702,9.09263,6.08365,9.02197
discovery,"Volumetric (77 K, 5 bar)",cap+N366+E234,30.436634,g/L,2668.08,7266.39,0.909345,0.2455,7.31921,5.90436,7.31921
discovery,"Volumetric (77 K, 5 bar)",hcp+N712+E234,30.43143,g/L,2552.68,8682.47,0.81361,0.3383,9.39433,5.99618,9.39433
discovery,"Volumetric (77 K, 5 bar)",tsi+N582+E160,30.389854,g/L,2363.26,9575.79,0.869059,0.33126,8.47833,6.42676,8.17085
discovery,"Volumetric (77 K, 5 bar)",icc+N191+E189,30.374118,g/L,2490.25,49110.9,1.00972,0.1997,8.30759,4.4042,7.40565
discovery,"Volumetric (77 K, 5 bar)",fcu+N177+E107,30.332606,g/L,2550.3,14949.5,0.8677,0.30744,9.87179,5.48696,9.69956
discovery,"Volumetric (160 K, 5 bar)",fcu+N565+E84,5.373187,g/L,2190.49,17661.5,0.98893,0.15986,8.47711,3.18967,7.23164
discovery,"Volumetric (160 K, 5 bar)",whb+N270+E84,4.685744,g/L,2234.14,12346.3,1.09521,0.19128,7.59676,4.85789,7.27659
discovery,"Volumetric (160 K, 5 bar)",hcp+N565+E84,4.637535,g/L,2045.13,8990.06,0.971129,0.18192,9.81999,3.15364,8.43663
discovery,"Volumetric (160 K, 5 bar)",thp-x+N565+E84,4.546719,g/L,1963.17,49453.9,1.05926,0.14506,9.04753,3.71894,7.42122
discovery,"Volumetric (160 K, 5 bar)",wif+N270+E11,4.437347,g/L,3002.73,26761.1,0.861455,0.28478,8.0175,4.91269,7.56129
discovery,"Volumetric (160 K, 5 bar)",fcu+N565+E25,4.417244,g/L,2478.12,17782.7,0.870002,0.22956,9.21956,4.0153,8.22706
discovery,"Volumetric (160 K, 5 bar)",wiu+N270+E25,4.412294,g/L,2490.83,22873.6,1.00787,0.24138,9.16718,5.41989,7.83693
discovery,"Volumetric (160 K, 5 bar)",snx+N465+E84,4.394093,g/L,1952.84,8202.8,1.17214,0.13608,7.46618,5.28919,7.46618
discovery,"Volumetric (160 K, 5 bar)",xii+N565+E63,4.303904,g/L,2278.86,41556.1,0.975814,0.2016,11.03958,5.14331,11.03958
discovery,"Volumetric (160 K, 5 bar)",fcu+N565+E95,4.293798,g/L,2402.15,16154.3,0.99235,0.20186,9.35762,3.74913,8.48371
discovery,"Volumetric (160 K, 5 bar)",qtz-x+N309+E25,4.279096,g/L,2173.8,3336.52,1.20919,0.09548,6.24816,3.85711,6.24816
discovery,"Volumetric (160 K, 5 bar)",bsn+N36+E84,4.277241,g/L,2482.09,6539.89,1.03344,0.1888,6.60869,4.66812,6.58711
discovery,"Volumetric (160 K, 5 bar)",sxc+N667+E25,4.240466,g/L,2475.27,3814.79,1.27944,0.19152,7.06957,4.7384,7.06957
discovery,"Volumetric (160 K, 5 bar)",sol+N568+E25,4.210282,g/L,2392.32,10181.4,1.19168,0.14932,6.27212,3.69984,6.08091
discovery,"Volumetric (160 K, 5 bar)",acs+N568+E84,4.145144,g/L,2088.19,2883.75,1.2248,0.13142,6.56401,3.8294,6.50869
discovery,"Volumetric (160 K, 5 bar)",smu+N343+E84,4.144025,g/L,2133.62,9184.09,1.05176,0.20276,9.18801,4.35223,9.18801
discovery,"Volumetric (160 K, 5 bar)",xii+N565+E25,4.14249,g/L,2139.12,48697.8,0.953184,0.20562,11.0561,5.5462,11.0561
discovery,"Volumetric (160 K, 5 bar)",fcu+N565+E131,4.1267,g/L,2468.11,16316.3,0.994287,0.21408,8.48037,4.25154,8.21236
discovery,"Volumetric (160 K, 5 bar)",wiv+N179+E84,4.123232,g/L,2172.36,23838.6,1.09837,0.1505,7.76533,5.17699,7.37162
discovery,"Volumetric (160 K, 5 bar)",fcu+N565+E202,4.117652,g/L,2533.18,15924.9,0.861409,0.28328,9.36126,4.21177,9.27864
discovery,"Volumetric (160 K, 5 bar)",snl+N491+E84,4.062151,g/L,2137.87,23989.8,1.07372,0.15648,7.82176,4.6878,6.34188
discovery,"Volumetric (160 K, 5 bar)",xii+N565+E202,4.02762,g/L,2346.72,43722.0,0.941254,0.23954,11.32983,6.02061,11.23806
discovery,"Volumetric (160 K, 5 bar)",fcu+N565+E138,3.975156,g/L,2324.78,15365.4,0.918637,0.2247,9.32944,3.81092,8.73059
discovery,"Volumetric (160 K, 5 bar)",rgd+N565+E84,3.9536,g/L,2017.11,44657.3,0.880051,0.24896,15.42612,9.94148,14.70611
discovery,"Volumetric (160 K, 5 bar)",xii+N565+E48,3.935364,g/L,2056.24,43207.7,1.01886,0.17454,9.31745,4.58432,9.25432
discovery,"Volumetric (160 K, 5 bar)",cap+N694+E68,3.892764,g/L,1897.17,5730.94,1.18927,0.08512,5.46136,3.2029,5.46136
discovery,"Volumetric (160 K, 5 bar)",fcu+N565+E206,3.892281,g/L,2395.06,17241.4,1.10018,0.18822,8.07275,3.79689,8.0662
discovery,"Volumetric (160 K, 5 bar)",thp-x+N565+E85,3.881785,g/L,2303.34,52545.9,0.883316,0.2422,9.65534,5.3634,9.52803
discovery,"Volumetric (160 K, 5 bar)",sxb+N491+E25,3.80808,g/L,2387.83,5156.38,1.05541,0.20082,6.82986,4.21636,6.29283
discovery,"Volumetric (160 K, 5 bar)",thp-x+N565+E138,3.787002,g/L,2238.58,43110.6,0.982179,0.19892,9.18784,4.68738,9.18784
discovery,"Volumetric (160 K, 5 bar)",vbq+N283+E84,3.785339,g/L,1949.18,20692.0,1.18361,0.12326,6.44656,3.87564,6.29482
discovery,"Volumetric (160 K, 5 bar)",thp-x+N565+E204,3.782833,g/L,2179.66,43506.7,1.146,0.17966,9.13453,4.60096,8.29156
discovery,"Volumetric (160 K, 5 bar)",bcs+N270+E11,3.772017,g/L,2682.49,27486.5,0.83872,0.31962,9.49484,5.56334,9.23504
discovery,"Volumetric (160 K, 5 bar)",wis+N290+E85,3.769474,g/L,2678.11,43697.3,1.19142,0.20388,7.1417,4.37894,6.23599
discovery,"Volumetric (160 K, 5 bar)",hxg+N270+E11,3.759233,g/L,2338.7,5643.31,1.02128,0.24346,7.45387,5.89093,7.45387
discovery,"Volumetric (160 K, 5 bar)",wif+N198+E25,3.750877,g/L,1880.98,17487.9,1.25086,0.10124,6.90291,3.82221,5.6501
discovery,"Volumetric (160 K, 5 bar)",snk+N453+E84,3.739309,g/L,2269.88,12850.7,1.07085,0.19304,7.58726,6.14451,7.55028
discovery,"Volumetric (160 K, 5 bar)",vbq+N568+E84,3.737397,g/L,1932.83,21598.3,1.30825,0.11982,6.82024,3.71452,6.44245
discovery,"Volumetric (160 K, 5 bar)",wht+N77+E84,3.732308,g/L,2195.43,12806.7,1.34037,0.18814,8.42355,4.47741,6.95883
discovery,"Volumetric (160 K, 5 bar)",xii+N565+E131,3.724017,g/L,2052.79,44904.2,1.08385,0.18622,10.29568,4.9802,10.23554
discovery,"Volumetric (160 K, 5 bar)",vbp+N465+E84,3.696397,g/L,2270.24,24724.7,1.037,0.22442,8.50272,5.70989,8.08863
discovery,"Volumetric (160 K, 5 bar)",sxq+N589+E84,3.695207,g/L,1999.5,143193.0,1.09633,0.18688,9.2065,4.5691,9.17157
discovery,"Volumetric (160 K, 5 bar)",snx+N667+E84,3.682032,g/L,2349.42,10091.0,1.11563,0.22806,8.50875,5.10089,7.28616
discovery,"Volumetric (160 K, 5 bar)",thp-x+N565+E25,3.664182,g/L,2174.32,49457.0,0.938451,0.2113,9.59448,4.95653,9.59448
discovery,"Volumetric (160 K, 5 bar)",fcu+N565+E66,3.663592,g/L,2579.59,15865.0,0.869627,0.29698,9.31676,4.31461,8.94667
discovery,"Volumetric (160 K, 5 bar)",xii+N565+E66,3.659118,g/L,2387.65,43508.0,0.951315,0.25472,11.55278,6.30442,11.55278
discovery,"Volumetric (160 K, 5 bar)",vcz+N465+E84,3.64692,g/L,1664.79,10033.4,1.27772,0.11412,6.5931,4.23904,6.57217
discovery,"Volumetric (160 K, 5 bar)",thp-x+N565+E48,3.644413,g/L,2076.41,43492.4,1.01189,0.16526,9.25294,4.04161,7.96325
discovery,"Volumetric (160 K, 5 bar)",rob+N270+E11,3.642709,g/L,2846.83,6604.6,0.87263,0.28096,7.51738,5.72047,7.45464
discovery,"Volumetric (160 K, 5 bar)",wig+N309+E226,3.633888,g/L,1450.96,14836.2,1.45033,0.08368,5.93288,3.94724,5.76186
discovery,"Volumetric (160 K, 5 bar)",qtz-x+N684+E25,3.618351,g/L,2279.27,4390.69,1.10374,0.12932,5.63674,3.81488,5.54117
discovery,"Volumetric (160 K, 5 bar)",wig+N533+E165,3.611994,g/L,2044.1,18597.8,0.950907,0.1683,8.14026,4.8618,7.87455
discovery,"Volumetric (160 K, 5 bar)",hcp+N565+E25,3.593756,g/L,2303.31,8963.9,0.862868,0.24562,10.24689,5.10162,8.34345
discovery,"Volumetric (160 K, 5 bar)",hcp+N565+E204,3.584165,g/L,2357.91,7911.55,1.05048,0.22146,8.41922,4.02018,8.41922
discovery,"Volumetric (160 K, 5 bar)",snw+N453+E84,3.552536,g/L,2091.47,11999.3,1.14683,0.16468,8.41753,4.95305,6.58231
discovery,"Volumetric (160 K, 5 bar)",hcp+N565+E95,3.542927,g/L,2329.25,8235.08,0.973118,0.22304,8.60444,3.89047,8.22664
discovery,"Volumetric (160 K, 5 bar)",xii+N565+E95,3.537694,g/L,1929.37,44722.7,1.07534,0.19888,12.44186,5.51425,10.89941
discovery,"Volumetric (160 K, 5 bar)",sne+N568+E84,3.524747,g/L,2128.52,13205.6,1.06985,0.22072,9.70927,4.39534,9.28299
discovery,"Volumetric (160 K, 5 bar)",thp-x+N565+E29,3.522851,g/L,2222.47,49422.7,0.943951,0.22638,9.56782,4.61297,9.56782
discovery,"Volumetric (160 K, 5 bar)",rob+N265+E73,3.506293,g/L,2119.43,3905.14,1.33436,0.10168,5.70537,3.22396,5.70537
discovery,"Volumetric (160 K, 5 bar)",hxg+N77+E81,3.491509,g/L,2170.89,5192.72,1.46077,0.1191,5.89235,3.61179,5.62853
discovery,"Volumetric (160 K, 5 bar)",vbq+N666+E202,3.485063,g/L,2463.65,14709.9,1.37921,0.12304,5.98917,3.92185,5.95297
discovery,"Volumetric (160 K, 5 bar)",sda+N384+E25,3.468163,g/L,2442.81,5335.08,1.01266,0.1949,7.53888,4.54184,6.47152
discovery,"Volumetric (160 K, 5 bar)",xii+N565+E206,3.467758,g/L,1974.05,47287.1,1.20341,0.16598,10.03481,4.51826,10.01629
discovery,"Volumetric (160 K, 5 bar)",thp-x+N565+E149,3.463668,g/L,2273.71,48153.0,0.948772,0.22708,9.80198,5.64062,9.80198
discovery,"Volumetric (160 K, 5 bar)",vby+N666+E226,3.455688,g/L,1781.65,8666.02,1.37305,0.08606,6.26019,4.54572,5.84422
discovery,"Volumetric (160 K, 5 bar)",qtz-x+N270+E11,3.450812,g/L,2886.61,5721.86,0.755441,0.35908,7.52474,6.31687,7.2951
discovery,"Volumetric (160 K, 5 bar)",vbw+N453+E84,3.438792,g/L,2124.45,27330.7,1.00702,0.26272,11.11497,4.85607,10.67692
discovery,"Volumetric (160 K, 5 bar)",sda+N667+E25,3.42675,g/L,2543.57,5552.63,1.17201,0.23842,7.92912,5.98165,6.84892
discovery,"Volumetric (160 K, 5 bar)",wig+N493+E84,3.407596,g/L,2020.98,23728.3,1.2652,0.17704,8.82147,5.75556,7.80571
discovery,"Volumetric (160 K, 5 bar)",hcp+N565+E131,3.394768,g/L,2280.21,8410.55,0.964449,0.24558,8.92994,5.10248,8.92994
discovery,"Volumetric (160 K, 5 bar)",hcp+N565+E206,3.388059,g/L,2030.35,8701.26,1.08999,0.22812,9.19882,4.63433,8.89513
discovery,"Volumetric (160 K, 5 bar)",wip+N666+E84,3.385469,g/L,2225.59,48243.7,1.15198,0.16922,8.49252,4.23976,8.49252
discovery,"Volumetric (160 K, 5 bar)",vmg+N630+E89,3.369207,g/L,2163.45,15466.4,1.14357,0.1259,7.07295,3.85253,6.56996
discovery,"Volumetric (160 K, 5 bar)",hcp+N565+E48,3.366707,g/L,2239.18,7879.0,0.931225,0.20332,8.52305,4.69959,8.0596
discovery,"Volumetric (160 K, 5 bar)",whn+N568+E149,3.361138,g/L,2572.04,19790.8,1.20159,0.18792,7.4039,3.9724,6.60955
discovery,"Volumetric (160 K, 5 bar)",rob+N77+E138,3.359301,g/L,2174.97,4259.49,1.62147,0.11144,5.93461,3.41613,5.93461
discovery,"Volumetric (160 K, 5 bar)",hcp+N565+E202,3.357352,g/L,2415.88,8033.81,0.853758,0.29892,9.88512,5.99881,9.36793
discovery,"Volumetric (160 K, 5 bar)",vmk+N16+E89,3.357246,g/L,1227.41,12003.3,1.43715,0.05442,6.42435,2.72381,5.01187
discovery,"Volumetric (160 K, 5 bar)",lhb+N625+E25,3.344694,g/L,2470.81,16495.2,1.6555,0.21638,8.18341,4.79911,6.29396
discovery,"Volumetric (160 K, 5 bar)",cap+N270+E11,3.336111,g/L,2538.88,5819.21,0.990405,0.23122,7.6204,5.94739,7.53383
discovery,"Volumetric (160 K, 5 bar)",wfn+N329+E63,3.32796,g/L,2369.6,20802.2,1.23973,0.15726,6.93263,4.06257,6.41349
discovery,"Volumetric (160 K, 5 bar)",thp-x+N565+E131,3.324507,g/L,2170.29,45672.1,1.06551,0.18712,7.99938,4.97187,7.74185
discovery,"Volumetric (160 K, 5 bar)",qtz-x+N643+E149,3.313351,g/L,2524.27,3935.2,1.16328,0.11798,5.92008,3.53517,5.17495
discovery,"Volumetric (160 K, 5 bar)",wil+N59+E84,3.311955,g/L,1498.56,38819.4,1.39283,0.10138,8.22219,4.91812,7.3865
discovery,"Volumetric (160 K, 5 bar)",sda+N548+E92,3.302162,g/L,2540.48,3792.66,1.1509,0.15628,5.63442,4.0126,5.63442
discovery,"Volumetric (160 K, 5 bar)",bcs+N287+E138,3.297224,g/L,1718.64,13508.2,1.48009,0.0903,6.28849,3.39414,5.44777
discovery,"Volumetric (160 K, 5 bar)",sxp+N465+E85,3.294319,g/L,2291.01,117558.0,1.10496,0.17724,7.88101,4.20622,7.61328
discovery,"Volumetric (160 K, 5 bar)",soj+N309+E84,3.276184,g/L,1998.7,11831.1,1.07798,0.19724,9.82088,6.19698,9.74074
discovery,"Volumetric (160 K, 5 bar)",vda+N77+E85,3.27586,g/L,2534.66,46995.1,1.29126,0.20766,8.65143,4.41309,6.69926
discovery,"Volumetric (160 K, 5 bar)",whn+N453+E25,3.270974,g/L,2305.01,21020.2,1.11951,0.19632,8.03337,4.68839,7.00273
discovery,"Volumetric (160 K, 5 bar)",cap+N406+E11,3.268206,g/L,2255.03,4895.79,0.970647,0.13806,6.3783,3.72995,5.5123
discovery,"Volumetric (160 K, 5 bar)",sxq+N309+E84,3.264481,g/L,2017.01,134323.0,1.13937,0.1846,8.93748,4.30208,7.61528
discovery,"Volumetric (160 K, 5 bar)",sxc+N270+E11,3.252633,g/L,2713.78,5994.22,0.721116,0.39118,10.12824,6.22459,10.12824
discovery,"Volumetric (160 K, 5 bar)",fcu+N95+E25,3.250845,g/L,1979.78,10232.5,1.20736,0.10826,7.41738,2.84181,7.33275
discovery,"Volumetric (160 K, 5 bar)",msw+N77+E202,3.250139,g/L,2363.15,1892.79,1.77197,0.12792,5.37271,3.55313,5.37271
discovery,"Volumetric (160 K, 5 bar)",thp-x+N565+E66,3.242181,g/L,2337.5,44148.1,0.937521,0.27348,9.62056,6.15752,9.17573
discovery,"Volumetric (160 K, 5 bar)",rgd+N565+E131,3.230296,g/L,2133.79,41603.7,0.877293,0.31164,16.20832,9.55148,16.01998
discovery,"Volumetric (160 K, 5 bar)",sxc+N356+E25,3.223382,g/L,2613.9,4552.59,0.773281,0.26102,7.1896,5.68743,7.11663
discovery,"Volumetric (160 K, 5 bar)",msw+N270+E11,3.216673,g/L,2697.52,3842.19,0.750011,0.3778,9.07265,7.04191,8.21047
