structure,replicate,uptake_g_L,iteration
smi+N334+E98,5,12.106172,2
rob+N334+E72,5,21.411714,2
yfb+N300+E212,5,14.640535,2
sqp+N242+E173,5,27.280609,2
fnu+N300+E173,5,22.725848,2
rkf+N334+E173,5,23.624828,2
ghw+N300+E107,5,20.133361,2
ths+N415+E173,5,6.074602,2
ose+N599+E173,5,16.764904,2
hex+N138+E163,5,14.335831,2
yff+N242+E173,5,19.752051,2
uni+N310+E173,5,24.898883,2
yfb+N272+E195,5,15.052584,2
pcb+N393+E173,5,15.907619,2
vmc+N300+E173,5,21.783188,2
sqp+N364+E173,5,26.174459,2
osc+N678+E173,5,27.612926,2
skc+N671+E173,5,21.182112,2
wgv+N6+E173,5,19.023325,2
xfx+N206+E188,5,11.486108,3
xfx+N206+E204,5,24.763603,3
xfx+N272+E188,5,10.54977,3
fnb+N206+E71,5,13.922272,3
bcg+N348+E188,5,30.784183,3
reo+N677+E16,5,17.692105,3
reo+N550+E81,5,25.10937,3
fnb+N133+E188,5,10.562867,3
fnb+N254+E188,5,10.233648,3
reo+N45+E204,5,25.470697,3
bcg+N348+E123,5,30.647844,3
vbp+N152+E107,5,15.487846,3
bcg+N677+E24,5,15.459906,3
wlt+N206+E107,5,9.851308,3
vbp+N554+E107,5,12.428665,3
gsi+N708+E107,5,7.56041,3
smh+N148+E107,5,10.866283,3
dmp+N136+E7,5,5.643825,3
gsi+N113+E107,5,8.952621,3
ecu+N229+E188,5,25.963177,3
swf+N583+E107,5,15.412723,3
lcv-f+N60+E107,5,2.279369,3
ecu+N389+E107,5,27.020769,3
vbk+N391+E107,5,9.539043,3
vmv+N169+E107,5,19.802293,3
smh+N533+E107,5,11.756778,3
wja+N453+E107,5,14.813042,3
fnj+N206+E107,5,9.078665,3
ato+N310+E107,5,6.766952,3
zfy+N364+E107,5,11.197754,3
ecr+N141+E25,5,26.932149,4
lcy-e+N622+E204,5,23.663537,4
wkw+N141+E25,5,26.540499,4
sow+N158+E162,5,19.56211,4
ecr+N389+E149,5,25.759785,4
sow+N385+E173,5,12.811379,4
sow+N307+E149,5,6.508825,4
wfo+N141+E66,5,26.000833,4
wgx+N491+E212,5,20.351315,4
whe+N491+E175,5,22.825214,4
unh+N395+E162,5,3.317818,4
umf+N437+E173,5,13.68494,4
vmf+N491+E66,5,23.704715,4
unh+N450+E68,5,11.188688,4
pts-e+N651+E72,5,11.110905,4
ecf+N566+E173,5,25.207141,4
acs-g+N440+E37,5,7.492409,4
sny+N491+E52,5,14.85945,4
ecn+N141+E179,5,24.940919,4
unj+N395+E126,5,3.346908,4
umx+N450+E25,5,20.157603,4
vmu+N199+E149,5,26.520588,4
reo+N141+E10,5,9.851083,4
pts-e+N671+E25,5,15.168329,4
pts-e+N272+E25,5,13.036633,4
mdf+N437+E162,5,28.384373,4
uoc+N317+E204,5,21.429335,4
eci+N566+E233,5,19.312062,4
sma+N438+E32,5,20.085351,4
uof+N437+E199,5,8.808615,4
crr+N68+E37,5,22.872209,5
vbr+N433+E52,5,26.40345,5
bcg+N647+E98,5,20.951556,5
zfs+N383+E127,5,24.838426,5
fnl+N383+E72,5,12.44915,5
vme+N123+E81,5,23.116094,5
vme+N433+E33,5,8.250641,5
vme+N433+E81,5,23.956089,5
fny+N383+E127,5,20.434017,5
soe+N383+E108,5,28.104882,5
zfs+N383+E120,5,17.890257,5
mdf+N68+E184,5,24.073086,5
zfs+N383+E202,5,21.039592,5
wid+N433+E16,5,25.268433,5
wkj+N123+E107,5,10.656522,5
soe+N383+E11,5,14.614224,5
umd+N455+E166,5,6.898626,5
bct+N104+E166,5,31.474443,5
ecu+N647+E51,5,21.020002,5
smk+N467+E127,5,21.165584,5
sxd+N123+E66,5,20.100557,5
fng+N383+E121,5,7.397313,5
vbt+N433+E142,5,18.507725,5
wkq+N612+E16,5,24.363472,5
wgx+N123+E8,5,15.918655,5
vbp+N123+E9,5,6.380641,5
bct+N104+E127,5,22.044682,5
skc+N383+E127,5,15.495184,5
smk+N123+E145,5,12.815258,5
wiy+N51+E167,5,24.138662,6
qtz-e+N289+E131,5,22.859504,6
whf+N289+E228,5,17.170801,6
usf+N390+E131,5,19.676802,6
osb+N121+E166,5,19.13953,6
ukg+N257+E167,5,23.553771,6
cdl+N390+E110,5,8.068058,6
wkx+N206+E84,5,20.618662,6
ttw+N254+E84,5,17.76665,6
uom+N257+E132,5,12.883857,6
wkx+N242+E51,5,15.880145,6
unm+N623+E134,5,24.308324,6
unm+N256+E68,5,12.914419,6
uom+N42+E104,5,6.167909,6
vmv+N64+E176,5,23.115007,6
vmj+N659+E203,5,12.934554,7
crb+N112+E27,5,9.052605,7
bsn+N548+E9,5,9.321582,7
snm+N85+E39,5,7.727507,7
skd+N659+E156,5,25.496585,7
tcg+N83+E73,5,25.575458,7
snm+N486+E203,5,8.859221,7
bsn+N659+E226,5,7.17237,7
tcg+N83+E45,5,29.228533,7
tcc+N83+E202,5,19.071254,7
smu+N659+E107,5,14.835857,7
tcc+N83+E39,5,15.387757,7
neb+N112+E166,5,10.118143,7
nbo+N551+E81,5,10.401861,7
bsn+N646+E205,5,30.29227,7
smc+N85+E81,5,33.498188,7
tcg+N104+E199,5,22.818557,7
dia+N551+E49,5,9.153637,7
wmj+N486+E73,5,17.170823,7
uni+N112+E80,5,10.408481,7
wjf+N304+E138,5,13.49681,7
smb+N85+E57,5,21.679164,7
smu+N548+E147,5,23.005995,7
rho+N304+E107,5,4.776348,7
neb+N112+E71,5,12.994475,7
uoz+N112+E31,5,5.703515,7
lcy+N548+E32,5,19.874052,7
wjh+N700+E81,5,4.764654,7
une+N304+E151,5,12.91446,7
bct+N24+E221,5,26.19038,8
whn+N295+E73,5,21.915012,8
sra+N398+E186,5,11.237687,8
soj+N472+E18,5,25.134168,8
soj+N668+E149,5,18.550003,8
vba+N301+E148,5,6.940354,8
ece+N217+E187,5,21.477058,8
sra+N398+E53,5,10.241119,8
wkw+N431+E36,5,13.017672,8
rac+N398+E81,5,28.23389,8
lsz+N615+E204,5,15.986215,8
wha+N295+E12,5,17.553392,8
uoj+N688+E148,5,12.271612,8
ncj+N444+E12,5,18.41599,8
bct+N663+E189,5,30.547818,8
vmw+N171+E204,5,13.185377,8
smj+N144+E156,5,18.76728,9
ecs+N348+E166,5,19.207173,9
uoq+N207+E219,5,22.61262,9
ukh+N631+E1,5,5.301694,9
bcg+N374+E156,5,18.432769,9
uku+N631+E14,5,8.159216,9
wig+N144+E166,5,19.173912,9
whd+N144+E14,5,21.033363,9
wji+N17+E14,5,17.120688,9
nci+N650+E14,5,21.319305,9
wig+N155+E166,5,25.638729,9
wkb+N671+E156,5,20.334274,9
vbo+N574+E156,5,23.173372,9
sni+N265+E219,5,17.737136,9
smj+N504+E219,5,16.886722,9
ukl+N454+E181,5,15.36158,9
nci+N650+E166,5,22.610039,9
wme+N180+E204,5,27.350038,9
etd+N51+E156,5,5.721825,9
upc+N503+E131,5,15.541502,10
umq+N42+E18,5,10.331612,10
upa+N42+E68,5,15.007799,10
cap+N541+E234,5,29.450955,10
upd+N42+E182,5,11.359883,10
unf+N42+E68,5,9.450292,10
rob+N541+E81,5,30.779447,10
wfe+N124+E95,5,24.370434,10
utp+N315+E65,5,5.742085,10
tca+N243+E121,5,17.336977,10
wkf+N541+E14,5,16.71831,10
qzd+N580+E137,5,27.190498,10
utp+N315+E71,5,5.200851,10
nfc+N503+E71,5,22.333464,10
qzd+N303+E221,5,15.549598,10
whb+N324+E201,5,25.486359,10
qzd+N359+E137,5,24.788301,10
snx+N105+E134,5,25.261349,10
rob+N102+E218,5,27.327298,10
uoc+N503+E95,5,11.22242,10
nfc+N200+E234,5,11.658281,10
umq+N355+E162,5,14.427513,10
smu+N541+E45,5,14.169452,10
wgw+N324+E137,5,20.974431,10
ecp+N124+E45,5,22.867586,10
skd+N15+E95,5,16.3349,10
qtz+N503+E224,5,8.601255,10
snx+N197+E3,5,15.116979,10
