structure,training_labels,training_replicate,uptake_g_L,uptake_error_g_L,status
sxc+N694+E155,360,3,25.27714571047585,0.169250112845982,success
fse+N223+N290+E132+E18,360,3,31.044725292721264,0.236373927503502,success
ith-d+N277+N309+E19+E185,360,3,27.43154473230585,0.051926369123802,success
tsx+N309+N19+E19,360,3,31.84530822175457,0.094449774771804,success
vtx+N388+N666+E182+E43,360,3,16.366797027823782,0.365994213324174,success
sxc+N290+E166,360,3,31.65433915797352,0.10680546592029,success
rkf+N491+E92,360,3,26.49101467433172,0.222548189063334,success
tsx+N309+N19+E19,360,3,31.84530822175457,0.094449774771804,success
sxc+N309+E166,360,3,31.177632959958288,0.277623772525326,success
pcu+N568+E19,360,3,28.443282472652765,0.125565950560974,success
snk+N465+E151,360,3,29.46765052699812,0.305195054179812,success
sxb+N309+E19,360,3,29.083703175641133,0.176185853133516,success
qtz-e+N694+E29,360,3,28.89264349364952,0.40585496884545,success
cdq+N514+N602+E19+E206,360,3,27.128704048622627,0.093622575365964,success
cdq+N514+N309+E19+E206,360,3,29.66497419784131,0.153049080726324,success
lhb+N140+E14,360,3,27.13417339257988,0.4272124651580221,success
wiv+N59+E18,360,3,31.268834055763893,0.099118918807554,success
sxa+N167+E132,360,3,30.488460543215307,0.161136998364204,success
vtx+N7+N521+E158+E16,360,3,30.02101106988744,0.107748150930366,success
ghw+N482+E127,360,3,17.46192274965299,0.236412259373874,success
xbt+N388+N566+E123+E19,360,3,23.07491861085214,0.261559024167216,success
tfz-d+N249+N695+E167+E182,360,3,17.430511055280636,0.264069252894996,success
lhb+N427+E112,360,3,30.054323666279373,0.194375154494082,success
bcn+N388+N327+E0+E185,360,3,12.114631272907914,0.089560187733096,success
tfz-d+N217+N477+E19+E212,360,3,27.284862475551623,0.27239505779457,success
vtx+N466+N309+E206+E19,360,3,21.950696421370427,0.12194923942623,success
vtx+N514+N309+E206+E127,360,3,27.93187691584362,0.13462423035519,success
snk+N273+E206,360,3,27.63110320773341,0.279008194922352,success
qtz-x+N290+E120,360,3,32.2989109076333,0.169907556833598,success
qtz-x+N143+E206,360,3,26.89247044206242,0.204515649363276,success
ith-d+N474+N143+E44+E185,360,3,29.71044465449097,0.093728756515308,success
bcu+N226+E19,360,3,33.7167389590192,0.262714443413856,success
tfz-d+N617+N196+E19+E175,360,3,32.30521167542423,0.13433275221858,success
cdq+N607+N577+E0+E206,360,3,26.13161532833532,0.20096092332057,success
fse+N718+N273+E13+E66,360,3,32.95623658735485,0.26803665200679,success
vcz+N521+E57,360,3,28.283664679456457,0.120525385264584,success
snk+N290+E37,360,3,27.52319493746648,0.136520892531216,success
lhb+N530+E151,360,3,29.68923603665187,0.089928297025188,success
fse+N538+N36+E211+E185,360,3,28.19356539068881,0.073430031535302,success
vby+N37+E18,360,3,29.32371282398878,0.057230158427454,success
