file,display_item,content,size_kb
agent_reasoning_traces_database_mode.jsonl,"Figures 2 and 3, Supplementary Notes",One record per iteration of every database-mode run: the hypothesis Agent 1 produced and the constraints Agent 2 derived from it. This is the reasoning behind each design decision in the paper.,3580.0
agent_reasoning_traces_discovery_mode.jsonl,Figures 4 and 5,"One record per iteration of every discovery-mode run, for all four campaigns: the hypothesis Agent 1 produced and the constraints Agent 2 derived from it, with both the plotted iteration index and the index on disk.",1536.7
figure2_database_mode_beam_values.csv,"Figures 2, S3, S4 and S5","Database-mode campaigns: the per-iteration values recorded for each of the four beams, for nine design tasks in five replicates. This is the quantity the trajectory panels plot.",1323.2
figure3_beam_descriptor_medians.csv,Figure 3,"Database-mode campaigns: per iteration and beam, the median target and the median of every pore descriptor, with the number of matched candidates. These are the points the descriptor-space trajectories plot.",191.0
figure3c_electronic_space_trajectory.csv,Figures 3c and S3c,"The hypothesis beam placed in the derived electronic space of those panels: per task, replicate and iteration, the mean position on the metal axis and the mean linker conjugation index, with the number of candidates behind each point.",4.9
figure3c_metal_axis_order.csv,Figures 3c and S3c,"The ordering the metal axis uses, from closed-shell to open-shell, so the panels can be redrawn on the same axis.",0.2
figure4_design_space_top100.csv,Figure 4c and 4d,"The top 100 hypothesis-beam structures per condition, for four database-mode conditions and two discovery-mode conditions, with the pore descriptors the design-space panel plots; the metal counts of panel d are taken over the same sets.",76.2
figure4_discovery_H2_160K_5bar.csv,Figure 4,"Discovery mode at 160 K and 5 bar, same columns.",169.1
figure4_discovery_H2_77K_5bar.csv,"Figures 4, 6 and 7",Discovery mode at 77 K and 5 bar: every successfully simulated structure with its hydrogen uptake and pore geometry.,174.0
figure5_C2H6_C2H4_selectivity.csv,Figure 5,"Discovery mode for ethane/ethylene selectivity at 298 K and 1 bar: every successfully simulated structure, with the beam that proposed it, the replicate, the iteration and the pore geometry.",179.6
figure5_SF6_uptake.csv,Figure 5,"Discovery mode for SF6 capture at 298 K and 1 bar, in mol/kg, same columns.",156.2
figure6_baseline_bayesian_optimization_replicate1.csv,Figure 6,"Bayesian-optimization baseline, replicate 1, same budget and evaluator.",18.5
figure6_baseline_bayesian_optimization_replicate2.csv,Figure 6,"Bayesian-optimization baseline, replicate 2, same budget and evaluator.",17.2
figure6_baseline_bayesian_optimization_replicate3.csv,Figure 6,"Bayesian-optimization baseline, replicate 3, same budget and evaluator.",14.1
figure6_baseline_bayesian_optimization_replicate4.csv,Figure 6,"Bayesian-optimization baseline, replicate 4, same budget and evaluator.",16.9
figure6_baseline_bayesian_optimization_replicate5.csv,Figure 6,"Bayesian-optimization baseline, replicate 5, same budget and evaluator.",17.6
figure6_baseline_genetic_algorithm_replicate1.csv,Figure 6,"Genetic-algorithm baseline, replicate 1, run under the same budget and evaluator as this work.",15.1
figure6_baseline_genetic_algorithm_replicate2.csv,Figure 6,"Genetic-algorithm baseline, replicate 2, run under the same budget and evaluator as this work.",13.1
figure6_baseline_genetic_algorithm_replicate3.csv,Figure 6,"Genetic-algorithm baseline, replicate 3, run under the same budget and evaluator as this work.",14.7
figure6_baseline_genetic_algorithm_replicate4.csv,Figure 6,"Genetic-algorithm baseline, replicate 4, run under the same budget and evaluator as this work.",13.2
figure6_baseline_genetic_algorithm_replicate5.csv,Figure 6,"Genetic-algorithm baseline, replicate 5, run under the same budget and evaluator as this work.",15.0
figure6_token_usage_and_cost.csv,"Figure 6b, 6c, 6d and Supplementary Note S8","Per iteration and replicate: model calls, non-cached and cached input tokens, output tokens, and the resulting inference cost, recomputed from the published price list.",1.7
figure7_egmof_1000labels.csv,Figure 7,"Structures generated after retraining on 1,000 labels.",4.8
figure7_egmof_18463labels.csv,Figure 7,Structures generated by the published full-training-set release.,47.3
figure7_egmof_360labels_replicate1.csv,Figure 7,"Structures generated by the conditional generative model after retraining on 360 property-labeled structures, training replicate 1.",4.6
figure7_egmof_360labels_replicate2.csv,Figure 7,"Structures generated by the conditional generative model after retraining on 360 property-labeled structures, training replicate 2.",4.6
figure7_egmof_360labels_replicate3.csv,Figure 7,"Structures generated by the conditional generative model after retraining on 360 property-labeled structures, training replicate 3.",4.6
figure7_egmof_360labels_replicate4.csv,Figure 7,"Structures generated by the conditional generative model after retraining on 360 property-labeled structures, training replicate 4.",4.4
figure7_egmof_360labels_replicate5.csv,Figure 7,"Structures generated by the conditional generative model after retraining on 360 property-labeled structures, training replicate 5.",4.6
figureS6_mof2zeo_validation_split.csv,Figure S6,"The held-out split the geometry surrogate is evaluated on, so the parity plot can be reproduced from the released checkpoint.",6351.9
figureS7_memory_ledger_ablation.csv,Figure S7,"Memory-ledger ablation: per-iteration hypothesis-beam median for the two configurations, which differ only in whether the ledger is active, across nine tasks and five replicates.",64.8
figureS9_benchmark_trajectories.csv,Figure S9,"Per-iteration database percentile of the hypothesis beam for each language model, task and replicate, which is what the trajectory panels plot.",138.8
noteS13_backend_variance.csv,Supplementary Note S13,Spread across replicates for each backend.,0.6
table1_backend_summary.csv,Table 1,Per-backend aggregate scores exactly as printed in Table 1.,0.3
table1_first_attempt_scores.csv,"Table 1, Figures S8 and S9","First-attempt score for every backend, task and replicate.",0.4
table1_iterations_to_top10.csv,Table 1,Iterations needed to reach the database top 10%.,0.4
tableS2_hit_rates.csv,Table S2,"Table S2 itself: per task, the top-1% threshold, and for the hypothesis beam and the random baseline the number of proposed candidates that cleared it, the number proposed, the resulting hit rate and the enrichment factor.",0.6
tableS7_per_task_grid.csv,"Table S7, Figure S8","Per-task final-iteration database percentile for every backend, with the number of scored replicates.",0.4
winner_structures/,"Table S1, Figures 3, 4, 5, S4","The nine structures the paper names, as CIFs assembled from the released building-block library: the database-mode winners and the global best of Table S1, and the best structure of each discovery campaign. The hMOF and QMOF winners are public database entries and are cited by their own identifiers.",331.9
